Port_Name,State,Port_Code,Border,Date,Measure,Value,Latitude,Longitude,Point
San Ysidro,California,2504,US-Mexico Border,Oct-23,Train Passengers,0,32.543,-117.029,POINT (-117.028761 32.542528)
Vanceboro,Maine,0105,US-Canada Border,Oct-23,Rail Containers Loaded,168,45.569,-67.429,POINT (-67.428541 45.568761)
Piegan,Montana,3316,US-Canada Border,Oct-23,Personal Vehicle Passengers,37835,48.998,-113.379,POINT (-113.378777 48.998083)
Raymond,Montana,3301,US-Canada Border,Oct-23,Trucks,1069,48.999,-104.574,POINT (-104.574333 48.999194)
Ogdensburg,New York,0701,US-Canada Border,Oct-23,Truck Containers Loaded,0,44.733,-75.458,POINT (-75.4577501759 44.7330898624)
Eastport,Idaho,3302,US-Canada Border,Oct-23,Rail Containers Loaded,1834,49.001,-116.181,POINT (-116.181027 49.000555)
Morgan,Montana,3319,US-Canada Border,Oct-23,Pedestrians,0,49,-107.832,POINT (-107.831819 48.999829)
Alcan,Alaska,3104,US-Canada Border,Oct-23,Truck Containers Empty,0,62.615,-141.001,POINT (-141.001444 62.614961)
Scobey,Montana,3309,US-Canada Border,Oct-23,Pedestrians,0,49,-105.408,POINT (-105.407638 48.999527)
Richford,Vermont,0203,US-Canada Border,Oct-23,Truck Containers Loaded,0,45.012,-72.589,POINT (-72.588559 45.01174)
Houlton,Maine,0106,US-Canada Border,Oct-23,Train Passengers,0,46.135,-67.781,POINT (-67.781288 46.134879)
Roma,Texas,2310,US-Mexico Border,Oct-23,Trucks,988,26.404,-99.019,POINT (-99.018981 26.403928)
Madawaska,Maine,0109,US-Canada Border,Oct-23,Rail Containers Loaded,0,47.36,-68.329,POINT (-68.328684 47.360052)
Ferry,Washington,3013,US-Canada Border,Oct-23,Truck Containers Loaded,0,49,-118.761,POINT (-118.761166 49.000083)
Dalton Cache,Alaska,3106,US-Canada Border,Oct-23,Train Passengers,0,59.451,-136.362,POINT (-136.361944 59.450556)
Roma,Texas,2310,US-Mexico Border,Oct-23,Personal Vehicle Passengers,332112,26.404,-99.019,POINT (-99.018981 26.403928)
Maida,North Dakota,3416,US-Canada Border,Oct-23,Rail Containers Empty,0,49,-98.365,POINT (-98.36525 49.00025)
Boundary,Washington,3015,US-Canada Border,Oct-23,Bus Passengers,0,49.001,-117.628,POINT (-117.627583 49.00075)
Raymond,Montana,3301,US-Canada Border,Oct-23,Truck Containers Empty,99,48.999,-104.574,POINT (-104.574333 48.999194)
Fort Fairfield,Maine,0107,US-Canada Border,Oct-23,Rail Containers Loaded,0,46.765,-67.789,POINT (-67.789471 46.765323)
Santa Teresa,New Mexico,2408,US-Mexico Border,Oct-23,Rail Containers Loaded,0,31.784,-106.679,POINT (-106.679437 31.783939)
Sasabe,Arizona,2606,US-Mexico Border,Oct-23,Truck Containers Empty,0,31.483,-111.544,POINT (-111.544363 31.483039)
Portland,Maine,0101,US-Canada Border,Oct-23,Pedestrians,2978,43.659,-70.243,POINT (-70.243056 43.659444)
Sweetgrass,Montana,3310,US-Canada Border,Oct-23,Personal Vehicles,26323,48.998,-111.96,POINT (-111.959611 48.998388)
Turner,Montana,3306,US-Canada Border,Oct-23,Trains,0,49,-108.388,POINT (-108.387916 48.999527)
Hannah,North Dakota,3408,US-Canada Border,Oct-23,Buses,1,49,-98.694,POINT (-98.693777 49.000138)
Nogales,Arizona,2604,US-Mexico Border,Oct-23,Trains,47,31.333,-110.943,POINT (-110.942516 31.332839)
Beecher Falls,Vermont,0206,US-Canada Border,Oct-23,Pedestrians,4,45.013,-71.505,POINT (-71.505309 45.013411)
Laurier,Washington,3016,US-Canada Border,Oct-23,Train Passengers,68,49,-118.224,POINT (-118.223777 49.000083)
Alexandria Bay,New York,0708,US-Canada Border,Oct-23,Pedestrians,0,44.347,-75.984,POINT (-75.983592 44.347229)
Walhalla,North Dakota,3407,US-Canada Border,Oct-23,Trucks,713,49,-97.908,POINT (-97.908416 49.000472)
Progreso,Texas,2309,US-Mexico Border,Oct-23,Personal Vehicles,93966,26.062,-97.95,POINT (-97.949958 26.062133)
Fortuna,North Dakota,3417,US-Canada Border,Oct-23,Rail Containers Loaded,0,49,-103.809,POINT (-103.80925 48.999555)
Highgate Springs,Vermont,0212,US-Canada Border,Oct-23,Truck Containers Empty,0,45.015,-73.085,POINT (-73.085037 45.015414)
Roosville,Montana,3318,US-Canada Border,Oct-23,Trucks,1485,49,-115.056,POINT (-115.056027 48.999638)
Calais,Maine,0115,US-Canada Border,Oct-23,Bus Passengers,591,45.189,-67.275,POINT (-67.275381 45.188548)
Noonan,North Dakota,3420,US-Canada Border,Oct-23,Personal Vehicles,3670,48.999,-103.004,POINT (-103.004361 48.999333)
Scobey,Montana,3309,US-Canada Border,Oct-23,Trains,0,49,-105.408,POINT (-105.407638 48.999527)
Frontier,Washington,3020,US-Canada Border,Oct-23,Pedestrians,702,49,-117.832,POINT (-117.831527 49.0005)
Walhalla,North Dakota,3407,US-Canada Border,Oct-23,Rail Containers Empty,0,49,-97.908,POINT (-97.908416 49.000472)
Walhalla,North Dakota,3407,US-Canada Border,Oct-23,Rail Containers Empty,0,49,-97.908,POINT (-97.908416 49.000472)
Neche,North Dakota,3404,US-Canada Border,Oct-23,Rail Containers Loaded,0,49.001,-97.557,POINT (-97.557333 49.000527)
Opheim,Montana,3317,US-Canada Border,Oct-23,Bus Passengers,0,49,-106.378,POINT (-106.377583 48.999527)
St John,North Dakota,3405,US-Canada Border,Oct-23,Personal Vehicles,2129,48.999,-99.659,POINT (-99.659111 48.999277)
Calexico East,California,2507,US-Mexico Border,Oct-23,Trains,0,32.673,-115.388,POINT (-115.388018 32.673389)
Beecher Falls,Vermont,0206,US-Canada Border,Oct-23,Buses,0,45.013,-71.505,POINT (-71.505309 45.013411)
Maida,North Dakota,3416,US-Canada Border,Oct-23,Rail Containers Loaded,0,49,-98.365,POINT (-98.36525 49.00025)
Northgate,North Dakota,3406,US-Canada Border,Oct-23,Truck Containers Loaded,0,48.999,-102.275,POINT (-102.27475 48.998833)
Detroit,Michigan,3801,US-Canada Border,Oct-23,Personal Vehicles,700713,42.332,-83.048,POINT (-83.047924 42.331685)
Calais,Maine,0115,US-Canada Border,Oct-23,Rail Containers Loaded,63,45.189,-67.275,POINT (-67.275381 45.188548)
Port Huron,Michigan,3802,US-Canada Border,Oct-23,Truck Containers Loaded,51806,42.999,-82.424,POINT (-82.423611 42.998611)
Columbus,New Mexico,2406,US-Mexico Border,Oct-23,Pedestrians,13082,31.784,-107.628,POINT (-107.627948 31.783742)
Douglas,Arizona,2601,US-Mexico Border,Oct-23,Truck Containers Loaded,821,31.334,-109.56,POINT (-109.560344 31.334043)
Antler,North Dakota,3413,US-Canada Border,Oct-23,Train Passengers,0,48.999,-101.296,POINT (-101.296055 48.999472)
Turner,Montana,3306,US-Canada Border,Oct-23,Trains,0,49,-108.388,POINT (-108.387916 48.999527)
Ambrose,North Dakota,3410,US-Canada Border,Oct-23,Personal Vehicle Passengers,1003,48.999,-103.487,POINT (-103.486555 48.999305)
Rio Grande City,Texas,2307,US-Mexico Border,Oct-23,Truck Containers Loaded,564,26.366,-98.803,POINT (-98.802513 26.365761)
Maida,North Dakota,3416,US-Canada Border,Oct-23,Truck Containers Empty,0,49,-98.365,POINT (-98.36525 49.00025)
Fortuna,North Dakota,3417,US-Canada Border,Oct-23,Personal Vehicles,1118,49,-103.809,POINT (-103.80925 48.999555)
Otay Mesa,California,2506,US-Mexico Border,Oct-23,Trains,23,32.55,-116.939,POINT (-116.938538 32.55033)
Alexandria Bay,New York,0708,US-Canada Border,Oct-23,Truck Containers Empty,0,44.347,-75.984,POINT (-75.983592 44.347229)
Portland,Maine,0101,US-Canada Border,Oct-23,Bus Passengers,0,43.659,-70.243,POINT (-70.243056 43.659444)
Derby Line,Vermont,0209,US-Canada Border,Oct-23,Bus Passengers,4928,45.006,-72.099,POINT (-72.099279 45.005739)
Calexico,California,2503,US-Mexico Border,Oct-23,Truck Containers Empty,8901,32.673,-115.388,POINT (-115.388018 32.673389)
Highgate Springs,Vermont,0212,US-Canada Border,Oct-23,Bus Passengers,4370,45.015,-73.085,POINT (-73.085037 45.015414)
Hansboro,North Dakota,3415,US-Canada Border,Oct-23,Train Passengers,0,49,-99.347,POINT (-99.346527 48.999583)
Portal,North Dakota,3403,US-Canada Border,Oct-23,Trucks,6703,48.999,-102.552,POINT (-102.551944 48.998944)
Kenneth G Ward,Washington,3023,US-Canada Border,Oct-23,Trucks,2114,49.002,-122.485,POINT (-122.485027 49.002277)
Ferry,Washington,3013,US-Canada Border,Oct-23,Personal Vehicles,1046,49,-118.761,POINT (-118.761166 49.000083)
Ambrose,North Dakota,3410,US-Canada Border,Oct-23,Rail Containers Empty,0,48.999,-103.487,POINT (-103.486555 48.999305)
Point Roberts,Washington,3017,US-Canada Border,Oct-23,Buses,96,49.002,-123.068,POINT (-123.068055556 49.0020555547)
Beecher Falls,Vermont,0206,US-Canada Border,Oct-23,Pedestrians,9,45.013,-71.505,POINT (-71.505309 45.013411)
Fortuna,North Dakota,3417,US-Canada Border,Oct-23,Rail Containers Loaded,0,49,-103.809,POINT (-103.80925 48.999555)
Nogales,Arizona,2604,US-Mexico Border,Oct-23,Train Passengers,0,31.333,-110.943,POINT (-110.942516 31.332839)
Beecher Falls,Vermont,0206,US-Canada Border,Oct-23,Truck Containers Loaded,0,45.013,-71.505,POINT (-71.505309 45.013411)
Piegan,Montana,3316,US-Canada Border,Oct-23,Buses,1,48.998,-113.379,POINT (-113.378777 48.998083)
Whitetail,Montana,3312,US-Canada Border,Oct-23,Rail Containers Loaded,0,48.999,-105.162,POINT (-105.162324 48.999347)
Raymond,Montana,3301,US-Canada Border,Oct-23,Train Passengers,0,48.999,-104.574,POINT (-104.574333 48.999194)
Dalton Cache,Alaska,3106,US-Canada Border,Oct-23,Personal Vehicle Passengers,2069,59.451,-136.362,POINT (-136.361944 59.450556)
Fort Kent,Maine,0110,US-Canada Border,Oct-23,Personal Vehicles,25499,47.249,-68.604,POINT (-68.603918 47.249206)
Frontier,Washington,3020,US-Canada Border,Oct-23,Buses,35,49,-117.832,POINT (-117.831527 49.0005)
Fort Kent,Maine,0110,US-Canada Border,Oct-23,Personal Vehicles,28965,47.249,-68.604,POINT (-68.603918 47.249206)
Blaine,Washington,3004,US-Canada Border,Oct-23,Bus Passengers,49243,48.994,-122.749,POINT (-122.748884 48.994045)
Pinecreek,Minnesota,3425,US-Canada Border,Oct-23,Rail Containers Empty,0,49,-95.978,POINT (-95.977694 48.999916)
Sherwood,North Dakota,3414,US-Canada Border,Oct-23,Personal Vehicle Passengers,2978,48.999,-101.628,POINT (-101.627527 48.999305)
Beecher Falls,Vermont,0206,US-Canada Border,Oct-23,Buses,6,45.013,-71.505,POINT (-71.505309 45.013411)
Roosville,Montana,3318,US-Canada Border,Oct-23,Rail Containers Loaded,0,49,-115.056,POINT (-115.056027 48.999638)
Portland,Maine,0101,US-Canada Border,Oct-23,Buses,15,43.659,-70.243,POINT (-70.243056 43.659444)
Pinecreek,Minnesota,3425,US-Canada Border,Oct-23,Personal Vehicles,403,49,-95.978,POINT (-95.977694 48.999916)
Turner,Montana,3306,US-Canada Border,Oct-23,Rail Containers Empty,0,49,-108.388,POINT (-108.387916 48.999527)
Kenneth G Ward,Washington,3023,US-Canada Border,Oct-23,Trains,0,49.002,-122.485,POINT (-122.485027 49.002277)
Oroville,Washington,3019,US-Canada Border,Oct-23,Personal Vehicle Passengers,42215,49,-119.462,POINT (-119.461833 49.000083)
Laredo,Texas,2304,US-Mexico Border,Oct-23,Personal Vehicles,473000,27.5,-99.507,POINT (-99.507412 27.499561)
Houlton,Maine,0106,US-Canada Border,Oct-23,Trucks,9283,46.135,-67.781,POINT (-67.781288 46.134879)
Van Buren,Maine,0108,US-Canada Border,Oct-23,Trucks,1200,47.16,-67.931,POINT (-67.930799 47.159645)
Nighthawk,Washington,3011,US-Canada Border,Oct-23,Pedestrians,75,49,-119.671,POINT (-119.67103 49.000144)
Roseau,Minnesota,3426,US-Canada Border,Oct-23,Truck Containers Empty,292,49,-95.766,POINT (-95.766469 48.999538)
Ferry,Washington,3013,US-Canada Border,Oct-23,Truck Containers Loaded,0,49,-118.761,POINT (-118.761166 49.000083)
Pembina,North Dakota,3401,US-Canada Border,Oct-23,Buses,238,49,-97.237,POINT (-97.237036 49.000453)
Trout River,New York,0715,US-Canada Border,Oct-23,Personal Vehicles,27136,44.992,-74.308,POINT (-74.308172 44.992058)
Northgate,North Dakota,3406,US-Canada Border,Oct-23,Bus Passengers,0,48.999,-102.275,POINT (-102.27475 48.998833)
Antler,North Dakota,3413,US-Canada Border,Oct-23,Train Passengers,0,48.999,-101.296,POINT (-101.296055 48.999472)
Dalton Cache,Alaska,3106,US-Canada Border,Oct-23,Train Passengers,0,59.451,-136.362,POINT (-136.361944 59.450556)
Progreso,Texas,2309,US-Mexico Border,Oct-23,Train Passengers,0,26.062,-97.95,POINT (-97.949958 26.062133)
Eagle Pass,Texas,2303,US-Mexico Border,Oct-23,Truck Containers Loaded,3502,28.705,-100.512,POINT (-100.511977 28.705483)
Walhalla,North Dakota,3407,US-Canada Border,Oct-23,Rail Containers Loaded,0,49,-97.908,POINT (-97.908416 49.000472)
Naco,Arizona,2603,US-Mexico Border,Oct-23,Bus Passengers,0,31.334,-109.948,POINT (-109.948413 31.334084)
Limestone,Maine,0118,US-Canada Border,Oct-23,Truck Containers Loaded,0,46.925,-67.79,POINT (-67.789597 46.924555)
Calexico,California,2503,US-Mexico Border,Oct-23,Personal Vehicles,552249,32.673,-115.388,POINT (-115.388018 32.673389)
Kenneth G Ward,Washington,3023,US-Canada Border,Oct-23,Pedestrians,450,49.002,-122.485,POINT (-122.485027 49.002277)
Sault Sainte Marie,Michigan,3803,US-Canada Border,Oct-23,Trucks,5691,46.509,-84.361,POINT (-84.360833 46.508611)
Ferry,Washington,3013,US-Canada Border,Oct-23,Train Passengers,0,49,-118.761,POINT (-118.761166 49.000083)
Point Roberts,Washington,3017,US-Canada Border,Oct-23,Rail Containers Loaded,0,49.002,-123.068,POINT (-123.068055556 49.0020555547)
Fort Kent,Maine,0110,US-Canada Border,Oct-23,Personal Vehicle Passengers,68265,47.249,-68.604,POINT (-68.603918 47.249206)
Tornillo,Texas,2404,US-Mexico Border,Oct-23,Trucks,28,31.435,-106.143,POINT (-106.142669 31.435334)
Limestone,Maine,0118,US-Canada Border,Oct-23,Truck Containers Loaded,0,46.925,-67.79,POINT (-67.789597 46.924555)
Pembina,North Dakota,3401,US-Canada Border,Oct-23,Trucks,13515,49,-97.237,POINT (-97.237036 49.000453)
Danville,Washington,3012,US-Canada Border,Oct-23,Buses,1,49,-118.504,POINT (-118.503722 49.000083)
Portal,North Dakota,3403,US-Canada Border,Oct-23,Truck Containers Loaded,0,48.999,-102.552,POINT (-102.551944 48.998944)
Progreso,Texas,2309,US-Mexico Border,Oct-23,Truck Containers Empty,948,26.062,-97.95,POINT (-97.949958 26.062133)
International Falls,Minnesota,3604,US-Canada Border,Oct-23,Train Passengers,846,48.608,-93.401,POINT (-93.401355 48.6078)
Alexandria Bay,New York,0708,US-Canada Border,Oct-23,Rail Containers Empty,0,44.347,-75.984,POINT (-75.983592 44.347229)
Sault Sainte Marie,Michigan,3803,US-Canada Border,Oct-23,Pedestrians,0,46.509,-84.361,POINT (-84.360833 46.508611)
Sweetgrass,Montana,3310,US-Canada Border,Oct-23,Bus Passengers,1721,48.998,-111.96,POINT (-111.959611 48.998388)
Boundary,Washington,3015,US-Canada Border,Oct-23,Truck Containers Empty,0,49.001,-117.628,POINT (-117.627583 49.00075)
Westhope,North Dakota,3419,US-Canada Border,Oct-23,Train Passengers,0,49,-101.017,POINT (-101.017277 48.999611)
Nogales,Arizona,2604,US-Mexico Border,Oct-23,Truck Containers Loaded,14083,31.333,-110.943,POINT (-110.942516 31.332839)
Raymond,Montana,3301,US-Canada Border,Oct-23,Rail Containers Empty,0,48.999,-104.574,POINT (-104.574333 48.999194)
Noyes,Minnesota,3402,US-Canada Border,Oct-23,Personal Vehicles,4419,49,-97.207,POINT (-97.206601 49.000171)
Santa Teresa,New Mexico,2408,US-Mexico Border,Oct-23,Rail Containers Loaded,0,31.784,-106.679,POINT (-106.679437 31.783939)
Pinecreek,Minnesota,3425,US-Canada Border,Oct-23,Buses,0,49,-95.978,POINT (-95.977694 48.999916)
Roseau,Minnesota,3426,US-Canada Border,Oct-23,Truck Containers Loaded,11,49,-95.766,POINT (-95.766469 48.999538)
Massena,New York,0704,US-Canada Border,Oct-23,Personal Vehicles,75628,44.991,-74.74,POINT (-74.739722 44.990556)
Nighthawk,Washington,3011,US-Canada Border,Oct-23,Buses,0,49,-119.671,POINT (-119.67103 49.000144)
Turner,Montana,3306,US-Canada Border,Oct-23,Truck Containers Empty,3,49,-108.388,POINT (-108.387916 48.999527)
Westhope,North Dakota,3419,US-Canada Border,Oct-23,Trucks,1061,49,-101.017,POINT (-101.017277 48.999611)
Sweetgrass,Montana,3310,US-Canada Border,Oct-23,Truck Containers Empty,1229,48.998,-111.96,POINT (-111.959611 48.998388)
Turner,Montana,3306,US-Canada Border,Oct-23,Pedestrians,0,49,-108.388,POINT (-108.387916 48.999527)
Fortuna,North Dakota,3417,US-Canada Border,Oct-23,Rail Containers Empty,0,49,-103.809,POINT (-103.80925 48.999555)
Porthill,Idaho,3308,US-Canada Border,Oct-23,Trucks,448,49,-116.499,POINT (-116.49925 48.999861)
Pembina,North Dakota,3401,US-Canada Border,Oct-23,Truck Containers Loaded,0,49,-97.237,POINT (-97.237036 49.000453)
Scobey,Montana,3309,US-Canada Border,Oct-23,Train Passengers,0,49,-105.408,POINT (-105.407638 48.999527)
Sumas,Washington,3009,US-Canada Border,Oct-23,Train Passengers,372,49.002,-122.265,POINT (-122.264805 49.002388)
Morgan,Montana,3319,US-Canada Border,Oct-23,Personal Vehicle Passengers,679,49,-107.832,POINT (-107.831819 48.999829)
Alcan,Alaska,3104,US-Canada Border,Oct-23,Trucks,271,62.615,-141.001,POINT (-141.001444 62.614961)
Naco,Arizona,2603,US-Mexico Border,Oct-23,Trucks,585,31.334,-109.948,POINT (-109.948413 31.334084)
Oroville,Washington,3019,US-Canada Border,Oct-23,Truck Containers Loaded,0,49,-119.462,POINT (-119.461833 49.000083)
Raymond,Montana,3301,US-Canada Border,Oct-23,Truck Containers Empty,46,48.999,-104.574,POINT (-104.574333 48.999194)
Beecher Falls,Vermont,0206,US-Canada Border,Oct-23,Bus Passengers,72,45.013,-71.505,POINT (-71.505309 45.013411)
Noyes,Minnesota,3402,US-Canada Border,Oct-23,Rail Containers Empty,0,49,-97.207,POINT (-97.206601 49.000171)
Andrade,California,2502,US-Mexico Border,Oct-23,Rail Containers Empty,0,32.718,-114.728,POINT (-114.72832 32.718143)
Portland,Maine,0101,US-Canada Border,Oct-23,Train Passengers,0,43.659,-70.243,POINT (-70.243056 43.659444)
Jackman,Maine,0104,US-Canada Border,Oct-23,Bus Passengers,527,45.806,-70.397,POINT (-70.396722 45.805661)
Neche,North Dakota,3404,US-Canada Border,Oct-23,Buses,0,49.001,-97.557,POINT (-97.557333 49.000527)
Alexandria Bay,New York,0708,US-Canada Border,Oct-23,Train Passengers,0,44.347,-75.984,POINT (-75.983592 44.347229)
Danville,Washington,3012,US-Canada Border,Oct-23,Truck Containers Loaded,0,49,-118.504,POINT (-118.503722 49.000083)
Eagle Pass,Texas,2303,US-Mexico Border,Oct-23,Rail Containers Empty,1989,28.705,-100.512,POINT (-100.511977 28.705483)
International Falls,Minnesota,3604,US-Canada Border,Oct-23,Buses,14,48.608,-93.401,POINT (-93.401355 48.6078)
Kenneth G Ward,Washington,3023,US-Canada Border,Oct-23,Trucks,2939,49.002,-122.485,POINT (-122.485027 49.002277)
Calexico East,California,2507,US-Mexico Border,Oct-23,Bus Passengers,0,32.673,-115.388,POINT (-115.388018 32.673389)
Van Buren,Maine,0108,US-Canada Border,Oct-23,Truck Containers Loaded,1041,47.16,-67.931,POINT (-67.930799 47.159645)
Maida,North Dakota,3416,US-Canada Border,Oct-23,Bus Passengers,77,49,-98.365,POINT (-98.36525 49.00025)
Portal,North Dakota,3403,US-Canada Border,Oct-23,Personal Vehicles,12298,48.999,-102.552,POINT (-102.551944 48.998944)
Buffalo Niagara Falls,New York,0901,US-Canada Border,Oct-23,Personal Vehicles,913245,43.095,-79.056,POINT (-79.055847 43.09549)
Massena,New York,0704,US-Canada Border,Oct-23,Personal Vehicles,71636,44.991,-74.74,POINT (-74.739722 44.990556)
St John,North Dakota,3405,US-Canada Border,Oct-23,Rail Containers Loaded,0,48.999,-99.659,POINT (-99.659111 48.999277)
Norton,Vermont,0211,US-Canada Border,Oct-23,Pedestrians,103,45.011,-71.793,POINT (-71.793219 45.010771)
Warroad,Minnesota,3423,US-Canada Border,Oct-23,Personal Vehicles,15140,48.999,-95.377,POINT (-95.376555 48.999)
Rio Grande City,Texas,2307,US-Mexico Border,Oct-23,Train Passengers,0,26.366,-98.803,POINT (-98.802513 26.365761)
Hidalgo,Texas,2305,US-Mexico Border,Oct-23,Rail Containers Loaded,0,26.095,-98.271,POINT (-98.271092 26.095032)
Vanceboro,Maine,0105,US-Canada Border,Oct-23,Buses,4,45.569,-67.429,POINT (-67.428541 45.568761)
Richford,Vermont,0203,US-Canada Border,Oct-23,Rail Containers Empty,0,45.012,-72.589,POINT (-72.588559 45.01174)
Roseau,Minnesota,3426,US-Canada Border,Oct-23,Pedestrians,0,49,-95.766,POINT (-95.766469 48.999538)
Morgan,Montana,3319,US-Canada Border,Oct-23,Buses,0,49,-107.832,POINT (-107.831819 48.999829)
Alexandria Bay,New York,0708,US-Canada Border,Oct-23,Personal Vehicle Passengers,80615,44.347,-75.984,POINT (-75.983592 44.347229)
Roosville,Montana,3318,US-Canada Border,Oct-23,Buses,42,49,-115.056,POINT (-115.056027 48.999638)
Point Roberts,Washington,3017,US-Canada Border,Oct-23,Rail Containers Empty,0,49.002,-123.068,POINT (-123.068055556 49.0020555547)
Ambrose,North Dakota,3410,US-Canada Border,Oct-23,Trucks,2,48.999,-103.487,POINT (-103.486555 48.999305)
Hidalgo,Texas,2305,US-Mexico Border,Oct-23,Rail Containers Loaded,0,26.095,-98.271,POINT (-98.271092 26.095032)
Alcan,Alaska,3104,US-Canada Border,Oct-23,Personal Vehicle Passengers,33164,62.615,-141.001,POINT (-141.001444 62.614961)
Jackman,Maine,0104,US-Canada Border,Oct-23,Bus Passengers,1602,45.806,-70.397,POINT (-70.396722 45.805661)
Pinecreek,Minnesota,3425,US-Canada Border,Oct-23,Rail Containers Empty,0,49,-95.978,POINT (-95.977694 48.999916)
Sarles,North Dakota,3409,US-Canada Border,Oct-23,Trucks,72,49,-98.938,POINT (-98.938361 49.000027)
Walhalla,North Dakota,3407,US-Canada Border,Oct-23,Personal Vehicle Passengers,6141,49,-97.908,POINT (-97.908416 49.000472)
Massena,New York,0704,US-Canada Border,Oct-23,Buses,199,44.991,-74.74,POINT (-74.739722 44.990556)
Van Buren,Maine,0108,US-Canada Border,Oct-23,Truck Containers Loaded,547,47.16,-67.931,POINT (-67.930799 47.159645)
Dunseith,North Dakota,3422,US-Canada Border,Oct-23,Personal Vehicles,11983,48.999,-100.052,POINT (-100.052166 48.999277)
Beecher Falls,Vermont,0206,US-Canada Border,Oct-23,Personal Vehicle Passengers,12737,45.013,-71.505,POINT (-71.505309 45.013411)
Danville,Washington,3012,US-Canada Border,Oct-23,Truck Containers Empty,0,49,-118.504,POINT (-118.503722 49.000083)
Roma,Texas,2310,US-Mexico Border,Oct-23,Personal Vehicles,91791,26.404,-99.019,POINT (-99.018981 26.403928)
Progreso,Texas,2309,US-Mexico Border,Oct-23,Bus Passengers,1247,26.062,-97.95,POINT (-97.949958 26.062133)
Dunseith,North Dakota,3422,US-Canada Border,Oct-23,Rail Containers Loaded,0,48.999,-100.052,POINT (-100.052166 48.999277)
San Ysidro,California,2504,US-Mexico Border,Oct-23,Bus Passengers,0,32.543,-117.029,POINT (-117.028761 32.542528)
Maida,North Dakota,3416,US-Canada Border,Oct-23,Truck Containers Loaded,0,49,-98.365,POINT (-98.36525 49.00025)
Bridgewater,Maine,0127,US-Canada Border,Oct-23,Bus Passengers,0,46.45,-67.785,POINT (-67.78484 46.450335)
Trout River,New York,0715,US-Canada Border,Oct-23,Train Passengers,138,44.992,-74.308,POINT (-74.308172 44.992058)
Massena,New York,0704,US-Canada Border,Oct-23,Pedestrians,18,44.991,-74.74,POINT (-74.739722 44.990556)
Fortuna,North Dakota,3417,US-Canada Border,Oct-23,Truck Containers Empty,0,49,-103.809,POINT (-103.80925 48.999555)
Ogdensburg,New York,0701,US-Canada Border,Oct-23,Train Passengers,0,44.733,-75.458,POINT (-75.4577501759 44.7330898624)
Hidalgo,Texas,2305,US-Mexico Border,Oct-23,Rail Containers Empty,0,26.095,-98.271,POINT (-98.271092 26.095032)
Roma,Texas,2310,US-Mexico Border,Oct-23,Pedestrians,44189,26.404,-99.019,POINT (-99.018981 26.403928)
Noyes,Minnesota,3402,US-Canada Border,Oct-23,Bus Passengers,355,49,-97.207,POINT (-97.206601 49.000171)
Carbury,North Dakota,3421,US-Canada Border,Oct-23,Trains,0,48.999,-100.556,POINT (-100.555805 48.999416)
Houlton,Maine,0106,US-Canada Border,Oct-23,Truck Containers Empty,0,46.135,-67.781,POINT (-67.781288 46.134879)
Maida,North Dakota,3416,US-Canada Border,Oct-23,Rail Containers Loaded,0,49,-98.365,POINT (-98.36525 49.00025)
Tecate,California,2505,US-Mexico Border,Oct-23,Trains,2,32.576,-116.626,POINT (-116.626216 32.576428)
Naco,Arizona,2603,US-Mexico Border,Oct-23,Personal Vehicles,23553,31.334,-109.948,POINT (-109.948413 31.334084)
Kenneth G Ward,Washington,3023,US-Canada Border,Oct-23,Truck Containers Empty,0,49.002,-122.485,POINT (-122.485027 49.002277)
Norton,Vermont,0211,US-Canada Border,Oct-23,Trains,51,45.011,-71.793,POINT (-71.793219 45.010771)
Detroit,Michigan,3801,US-Canada Border,Oct-23,Personal Vehicle Passengers,718090,42.332,-83.048,POINT (-83.047924 42.331685)
Neche,North Dakota,3404,US-Canada Border,Oct-23,Trains,0,49.001,-97.557,POINT (-97.557333 49.000527)
Metaline Falls,Washington,3025,US-Canada Border,Oct-23,Pedestrians,0,49,-117.299,POINT (-117.299444 48.999972)
Piegan,Montana,3316,US-Canada Border,Oct-23,Truck Containers Loaded,129,48.998,-113.379,POINT (-113.378777 48.998083)
Opheim,Montana,3317,US-Canada Border,Oct-23,Train Passengers,0,49,-106.378,POINT (-106.377583 48.999527)
Antler,North Dakota,3413,US-Canada Border,Oct-23,Truck Containers Empty,0,48.999,-101.296,POINT (-101.296055 48.999472)
Oroville,Washington,3019,US-Canada Border,Oct-23,Pedestrians,94,49,-119.462,POINT (-119.461833 49.000083)
Del Rio,Texas,2302,US-Mexico Border,Oct-23,Bus Passengers,579,29.327,-100.928,POINT (-100.927612 29.326784)
Noonan,North Dakota,3420,US-Canada Border,Oct-23,Bus Passengers,0,48.999,-103.004,POINT (-103.004361 48.999333)
Pinecreek,Minnesota,3425,US-Canada Border,Oct-23,Bus Passengers,0,49,-95.978,POINT (-95.977694 48.999916)
Hidalgo,Texas,2305,US-Mexico Border,Oct-23,Trucks,19607,26.095,-98.271,POINT (-98.271092 26.095032)
Lukeville,Arizona,2602,US-Mexico Border,Oct-23,Train Passengers,0,31.88,-112.817,POINT (-112.817077 31.880195)
Columbus,New Mexico,2406,US-Mexico Border,Oct-23,Trains,0,31.784,-107.628,POINT (-107.627948 31.783742)
Dalton Cache,Alaska,3106,US-Canada Border,Oct-23,Buses,61,59.451,-136.362,POINT (-136.361944 59.450556)
Opheim,Montana,3317,US-Canada Border,Oct-23,Pedestrians,0,49,-106.378,POINT (-106.377583 48.999527)
Otay Mesa,California,2506,US-Mexico Border,Oct-23,Rail Containers Empty,303,32.55,-116.939,POINT (-116.938538 32.55033)
Northgate,North Dakota,3406,US-Canada Border,Oct-23,Truck Containers Loaded,929,48.999,-102.275,POINT (-102.27475 48.998833)
Andrade,California,2502,US-Mexico Border,Oct-23,Bus Passengers,0,32.718,-114.728,POINT (-114.72832 32.718143)
Portal,North Dakota,3403,US-Canada Border,Oct-23,Personal Vehicle Passengers,34767,48.999,-102.552,POINT (-102.551944 48.998944)
Port Huron,Michigan,3802,US-Canada Border,Oct-23,Train Passengers,2075,42.999,-82.424,POINT (-82.423611 42.998611)
Eastport,Idaho,3302,US-Canada Border,Oct-23,Truck Containers Loaded,3614,49.001,-116.181,POINT (-116.181027 49.000555)
International Falls,Minnesota,3604,US-Canada Border,Oct-23,Truck Containers Loaded,0,48.608,-93.401,POINT (-93.401355 48.6078)
Walhalla,North Dakota,3407,US-Canada Border,Oct-23,Rail Containers Loaded,0,49,-97.908,POINT (-97.908416 49.000472)
Progreso,Texas,2309,US-Mexico Border,Oct-23,Rail Containers Loaded,0,26.062,-97.95,POINT (-97.949958 26.062133)
Frontier,Washington,3020,US-Canada Border,Oct-23,Rail Containers Empty,0,49,-117.832,POINT (-117.831527 49.0005)
Eastport,Idaho,3302,US-Canada Border,Oct-23,Personal Vehicles,6922,49.001,-116.181,POINT (-116.181027 49.000555)
Beecher Falls,Vermont,0206,US-Canada Border,Oct-23,Rail Containers Loaded,0,45.013,-71.505,POINT (-71.505309 45.013411)
Madawaska,Maine,0109,US-Canada Border,Oct-23,Rail Containers Empty,0,47.36,-68.329,POINT (-68.328684 47.360052)
Maida,North Dakota,3416,US-Canada Border,Oct-23,Trucks,93,49,-98.365,POINT (-98.36525 49.00025)
Bridgewater,Maine,0127,US-Canada Border,Oct-23,Buses,0,46.45,-67.785,POINT (-67.78484 46.450335)
Northgate,North Dakota,3406,US-Canada Border,Oct-23,Rail Containers Empty,0,48.999,-102.275,POINT (-102.27475 48.998833)
Whitetail,Montana,3312,US-Canada Border,Oct-23,Truck Containers Loaded,0,48.999,-105.162,POINT (-105.162324 48.999347)
Oroville,Washington,3019,US-Canada Border,Oct-23,Truck Containers Loaded,0,49,-119.462,POINT (-119.461833 49.000083)
Point Roberts,Washington,3017,US-Canada Border,Oct-23,Bus Passengers,1696,49.002,-123.068,POINT (-123.068055556 49.0020555547)
Madawaska,Maine,0109,US-Canada Border,Oct-23,Buses,65,47.36,-68.329,POINT (-68.328684 47.360052)
Trout River,New York,0715,US-Canada Border,Oct-23,Trucks,1099,44.992,-74.308,POINT (-74.308172 44.992058)
Kenneth G Ward,Washington,3023,US-Canada Border,Oct-23,Personal Vehicles,71747,49.002,-122.485,POINT (-122.485027 49.002277)
Fort Fairfield,Maine,0107,US-Canada Border,Oct-23,Truck Containers Loaded,1125,46.765,-67.789,POINT (-67.789471 46.765323)
Progreso,Texas,2309,US-Mexico Border,Oct-23,Buses,7,26.062,-97.95,POINT (-97.949958 26.062133)
Tornillo,Texas,2404,US-Mexico Border,Oct-23,Buses,0,31.435,-106.143,POINT (-106.142669 31.435334)
Carbury,North Dakota,3421,US-Canada Border,Oct-23,Trucks,253,48.999,-100.556,POINT (-100.555805 48.999416)
Boundary,Washington,3015,US-Canada Border,Oct-23,Rail Containers Loaded,0,49.001,-117.628,POINT (-117.627583 49.00075)
Eagle Pass,Texas,2303,US-Mexico Border,Oct-23,Personal Vehicles,228948,28.705,-100.512,POINT (-100.511977 28.705483)
Eagle Pass,Texas,2303,US-Mexico Border,Oct-23,Bus Passengers,314,28.705,-100.512,POINT (-100.511977 28.705483)
Brownsville,Texas,2301,US-Mexico Border,Oct-23,Truck Containers Empty,10183,25.952,-97.401,POINT (-97.40067 25.95155)
San Ysidro,California,2504,US-Mexico Border,Oct-23,Truck Containers Empty,0,32.543,-117.029,POINT (-117.028761 32.542528)
Progreso,Texas,2309,US-Mexico Border,Oct-23,Rail Containers Loaded,0,26.062,-97.95,POINT (-97.949958 26.062133)
Lukeville,Arizona,2602,US-Mexico Border,Oct-23,Truck Containers Empty,72,31.88,-112.817,POINT (-112.817077 31.880195)
Pembina,North Dakota,3401,US-Canada Border,Oct-23,Truck Containers Loaded,0,49,-97.237,POINT (-97.237036 49.000453)
Douglas,Arizona,2601,US-Mexico Border,Oct-23,Pedestrians,45912,31.334,-109.56,POINT (-109.560344 31.334043)
Progreso,Texas,2309,US-Mexico Border,Oct-23,Personal Vehicles,75631,26.062,-97.95,POINT (-97.949958 26.062133)
Portal,North Dakota,3403,US-Canada Border,Oct-23,Trains,101,48.999,-102.552,POINT (-102.551944 48.998944)
Piegan,Montana,3316,US-Canada Border,Oct-23,Truck Containers Loaded,142,48.998,-113.379,POINT (-113.378777 48.998083)
Brownsville,Texas,2301,US-Mexico Border,Oct-23,Train Passengers,0,25.952,-97.401,POINT (-97.40067 25.95155)
Eastport,Idaho,3302,US-Canada Border,Oct-23,Trains,36,49.001,-116.181,POINT (-116.181027 49.000555)
Calais,Maine,0115,US-Canada Border,Oct-23,Personal Vehicle Passengers,322122,45.189,-67.275,POINT (-67.275381 45.188548)
Dunseith,North Dakota,3422,US-Canada Border,Oct-23,Personal Vehicles,13609,48.999,-100.052,POINT (-100.052166 48.999277)
Vanceboro,Maine,0105,US-Canada Border,Oct-23,Bus Passengers,22,45.569,-67.429,POINT (-67.428541 45.568761)
Dunseith,North Dakota,3422,US-Canada Border,Oct-23,Trucks,1010,48.999,-100.052,POINT (-100.052166 48.999277)
Ferry,Washington,3013,US-Canada Border,Oct-23,Train Passengers,0,49,-118.761,POINT (-118.761166 49.000083)
Ogdensburg,New York,0701,US-Canada Border,Oct-23,Trains,0,44.733,-75.458,POINT (-75.4577501759 44.7330898624)
Tornillo,Texas,2404,US-Mexico Border,Oct-23,Rail Containers Loaded,0,31.435,-106.143,POINT (-106.142669 31.435334)
Santa Teresa,New Mexico,2408,US-Mexico Border,Oct-23,Truck Containers Empty,239,31.784,-106.679,POINT (-106.679437 31.783939)
Detroit,Michigan,3801,US-Canada Border,Oct-23,Personal Vehicles,745980,42.332,-83.048,POINT (-83.047924 42.331685)
Sarles,North Dakota,3409,US-Canada Border,Oct-23,Truck Containers Loaded,0,49,-98.938,POINT (-98.938361 49.000027)
Noyes,Minnesota,3402,US-Canada Border,Oct-23,Buses,5,49,-97.207,POINT (-97.206601 49.000171)
Portal,North Dakota,3403,US-Canada Border,Oct-23,Trucks,4815,48.999,-102.552,POINT (-102.551944 48.998944)
Sherwood,North Dakota,3414,US-Canada Border,Oct-23,Truck Containers Empty,0,48.999,-101.628,POINT (-101.627527 48.999305)
Hannah,North Dakota,3408,US-Canada Border,Oct-23,Personal Vehicles,731,49,-98.694,POINT (-98.693777 49.000138)
Maida,North Dakota,3416,US-Canada Border,Oct-23,Pedestrians,0,49,-98.365,POINT (-98.36525 49.00025)
Tornillo,Texas,2404,US-Mexico Border,Oct-23,Truck Containers Empty,0,31.435,-106.143,POINT (-106.142669 31.435334)
Rio Grande City,Texas,2307,US-Mexico Border,Oct-23,Trucks,1051,26.366,-98.803,POINT (-98.802513 26.365761)
Van Buren,Maine,0108,US-Canada Border,Oct-23,Truck Containers Empty,1100,47.16,-67.931,POINT (-67.930799 47.159645)
Porthill,Idaho,3308,US-Canada Border,Oct-23,Trucks,469,49,-116.499,POINT (-116.49925 48.999861)
Limestone,Maine,0118,US-Canada Border,Oct-23,Trucks,1715,46.925,-67.79,POINT (-67.789597 46.924555)
Bridgewater,Maine,0127,US-Canada Border,Oct-23,Rail Containers Loaded,0,46.45,-67.785,POINT (-67.78484 46.450335)
Richford,Vermont,0203,US-Canada Border,Oct-23,Personal Vehicles,11014,45.012,-72.589,POINT (-72.588559 45.01174)
Warroad,Minnesota,3423,US-Canada Border,Oct-23,Personal Vehicles,6712,48.999,-95.377,POINT (-95.376555 48.999)
Noyes,Minnesota,3402,US-Canada Border,Oct-23,Personal Vehicles,2110,49,-97.207,POINT (-97.206601 49.000171)
Dalton Cache,Alaska,3106,US-Canada Border,Oct-23,Buses,64,59.451,-136.362,POINT (-136.361944 59.450556)
Porthill,Idaho,3308,US-Canada Border,Oct-23,Train Passengers,0,49,-116.499,POINT (-116.49925 48.999861)
Porthill,Idaho,3308,US-Canada Border,Oct-23,Rail Containers Loaded,0,49,-116.499,POINT (-116.49925 48.999861)
Presidio,Texas,2403,US-Mexico Border,Oct-23,Personal Vehicle Passengers,128387,29.562,-104.395,POINT (-104.394907 29.561827)
Pembina,North Dakota,3401,US-Canada Border,Oct-23,Truck Containers Loaded,0,49,-97.237,POINT (-97.237036 49.000453)
Opheim,Montana,3317,US-Canada Border,Oct-23,Buses,1,49,-106.378,POINT (-106.377583 48.999527)
Roma,Texas,2310,US-Mexico Border,Oct-23,Buses,383,26.404,-99.019,POINT (-99.018981 26.403928)
Bridgewater,Maine,0127,US-Canada Border,Oct-23,Buses,0,46.45,-67.785,POINT (-67.78484 46.450335)
Pinecreek,Minnesota,3425,US-Canada Border,Oct-23,Rail Containers Empty,0,49,-95.978,POINT (-95.977694 48.999916)
Limestone,Maine,0118,US-Canada Border,Oct-23,Rail Containers Loaded,0,46.925,-67.79,POINT (-67.789597 46.924555)
Alexandria Bay,New York,0708,US-Canada Border,Oct-23,Train Passengers,0,44.347,-75.984,POINT (-75.983592 44.347229)
Point Roberts,Washington,3017,US-Canada Border,Oct-23,Trucks,596,49.002,-123.068,POINT (-123.068055556 49.0020555547)
Brownsville,Texas,2301,US-Mexico Border,Oct-23,Bus Passengers,8340,25.952,-97.401,POINT (-97.40067 25.95155)
Portland,Maine,0101,US-Canada Border,Oct-23,Personal Vehicle Passengers,2067,43.659,-70.243,POINT (-70.243056 43.659444)
Raymond,Montana,3301,US-Canada Border,Oct-23,Trucks,974,48.999,-104.574,POINT (-104.574333 48.999194)
Champlain Rouses Point,New York,0712,US-Canada Border,Oct-23,Rail Containers Loaded,0,45.009,-73.453,POINT (-73.4526634854 45.0088325953)
Nighthawk,Washington,3011,US-Canada Border,Oct-23,Rail Containers Empty,0,49,-119.671,POINT (-119.67103 49.000144)
Del Rio,Texas,2302,US-Mexico Border,Oct-23,Rail Containers Empty,0,29.327,-100.928,POINT (-100.927612 29.326784)
Frontier,Washington,3020,US-Canada Border,Oct-23,Pedestrians,0,49,-117.832,POINT (-117.831527 49.0005)
Detroit,Michigan,3801,US-Canada Border,Oct-23,Buses,1472,42.332,-83.048,POINT (-83.047924 42.331685)
International Falls,Minnesota,3604,US-Canada Border,Oct-23,Trucks,3780,48.608,-93.401,POINT (-93.401355 48.6078)
Dalton Cache,Alaska,3106,US-Canada Border,Oct-23,Truck Containers Loaded,0,59.451,-136.362,POINT (-136.361944 59.450556)
Buffalo Niagara Falls,New York,0901,US-Canada Border,Oct-23,Personal Vehicle Passengers,2076415,43.095,-79.056,POINT (-79.055847 43.09549)
St John,North Dakota,3405,US-Canada Border,Oct-23,Rail Containers Empty,0,48.999,-99.659,POINT (-99.659111 48.999277)
Highgate Springs,Vermont,0212,US-Canada Border,Oct-23,Personal Vehicle Passengers,104670,45.015,-73.085,POINT (-73.085037 45.015414)
Norton,Vermont,0211,US-Canada Border,Oct-23,Personal Vehicle Passengers,17767,45.011,-71.793,POINT (-71.793219 45.010771)
Alcan,Alaska,3104,US-Canada Border,Oct-23,Truck Containers Empty,0,62.615,-141.001,POINT (-141.001444 62.614961)
Port Huron,Michigan,3802,US-Canada Border,Oct-23,Trucks,56439,42.999,-82.424,POINT (-82.423611 42.998611)
Eastport,Idaho,3302,US-Canada Border,Oct-23,Train Passengers,102,49.001,-116.181,POINT (-116.181027 49.000555)
Del Rio,Texas,2302,US-Mexico Border,Oct-23,Buses,579,29.327,-100.928,POINT (-100.927612 29.326784)
Rio Grande City,Texas,2307,US-Mexico Border,Oct-23,Truck Containers Empty,346,26.366,-98.803,POINT (-98.802513 26.365761)
Nogales,Arizona,2604,US-Mexico Border,Oct-23,Buses,23,31.333,-110.943,POINT (-110.942516 31.332839)
Norton,Vermont,0211,US-Canada Border,Oct-23,Pedestrians,38,45.011,-71.793,POINT (-71.793219 45.010771)
Porthill,Idaho,3308,US-Canada Border,Oct-23,Train Passengers,0,49,-116.499,POINT (-116.49925 48.999861)
Whitetail,Montana,3312,US-Canada Border,Oct-23,Truck Containers Empty,0,48.999,-105.162,POINT (-105.162324 48.999347)
Warroad,Minnesota,3423,US-Canada Border,Oct-23,Rail Containers Empty,0,48.999,-95.377,POINT (-95.376555 48.999)
Portal,North Dakota,3403,US-Canada Border,Oct-23,Trucks,4354,48.999,-102.552,POINT (-102.551944 48.998944)
Tornillo,Texas,2404,US-Mexico Border,Oct-23,Pedestrians,1266,31.435,-106.143,POINT (-106.142669 31.435334)
Trout River,New York,0715,US-Canada Border,Oct-23,Personal Vehicle Passengers,20102,44.992,-74.308,POINT (-74.308172 44.992058)
Douglas,Arizona,2601,US-Mexico Border,Oct-23,Rail Containers Empty,0,31.334,-109.56,POINT (-109.560344 31.334043)
Pembina,North Dakota,3401,US-Canada Border,Oct-23,Personal Vehicles,14142,49,-97.237,POINT (-97.237036 49.000453)
Piegan,Montana,3316,US-Canada Border,Oct-23,Truck Containers Loaded,204,48.998,-113.379,POINT (-113.378777 48.998083)
Noyes,Minnesota,3402,US-Canada Border,Oct-23,Buses,9,49,-97.207,POINT (-97.206601 49.000171)
Sumas,Washington,3009,US-Canada Border,Oct-23,Truck Containers Empty,1675,49.002,-122.265,POINT (-122.264805 49.002388)
Roosville,Montana,3318,US-Canada Border,Oct-23,Truck Containers Loaded,1586,49,-115.056,POINT (-115.056027 48.999638)
Hansboro,North Dakota,3415,US-Canada Border,Oct-23,Truck Containers Loaded,0,49,-99.347,POINT (-99.346527 48.999583)
Nighthawk,Washington,3011,US-Canada Border,Oct-23,Truck Containers Loaded,0,49,-119.671,POINT (-119.67103 49.000144)
Maida,North Dakota,3416,US-Canada Border,Oct-23,Trains,0,49,-98.365,POINT (-98.36525 49.00025)
Opheim,Montana,3317,US-Canada Border,Oct-23,Personal Vehicle Passengers,1465,49,-106.378,POINT (-106.377583 48.999527)
Alcan,Alaska,3104,US-Canada Border,Oct-23,Personal Vehicle Passengers,9896,62.615,-141.001,POINT (-141.001444 62.614961)
Brownsville,Texas,2301,US-Mexico Border,Oct-23,Rail Containers Empty,4649,25.952,-97.401,POINT (-97.40067 25.95155)
Portland,Maine,0101,US-Canada Border,Oct-23,Trains,0,43.659,-70.243,POINT (-70.243056 43.659444)
Pembina,North Dakota,3401,US-Canada Border,Oct-23,Train Passengers,0,49,-97.237,POINT (-97.237036 49.000453)
Nighthawk,Washington,3011,US-Canada Border,Oct-23,Buses,0,49,-119.671,POINT (-119.67103 49.000144)
Eastport,Idaho,3302,US-Canada Border,Oct-23,Bus Passengers,615,49.001,-116.181,POINT (-116.181027 49.000555)
Scobey,Montana,3309,US-Canada Border,Oct-23,Personal Vehicle Passengers,2005,49,-105.408,POINT (-105.407638 48.999527)
Porthill,Idaho,3308,US-Canada Border,Oct-23,Truck Containers Empty,0,49,-116.499,POINT (-116.49925 48.999861)
Porthill,Idaho,3308,US-Canada Border,Oct-23,Buses,7,49,-116.499,POINT (-116.49925 48.999861)
Santa Teresa,New Mexico,2408,US-Mexico Border,Oct-23,Train Passengers,0,31.784,-106.679,POINT (-106.679437 31.783939)
Trout River,New York,0715,US-Canada Border,Oct-23,Bus Passengers,449,44.992,-74.308,POINT (-74.308172 44.992058)
Naco,Arizona,2603,US-Mexico Border,Oct-23,Truck Containers Loaded,270,31.334,-109.948,POINT (-109.948413 31.334084)
International Falls,Minnesota,3604,US-Canada Border,Oct-23,Bus Passengers,184,48.608,-93.401,POINT (-93.401355 48.6078)
Morgan,Montana,3319,US-Canada Border,Oct-23,Personal Vehicle Passengers,2915,49,-107.832,POINT (-107.831819 48.999829)
Norton,Vermont,0211,US-Canada Border,Oct-23,Rail Containers Loaded,1230,45.011,-71.793,POINT (-71.793219 45.010771)
Calais,Maine,0115,US-Canada Border,Oct-23,Train Passengers,0,45.189,-67.275,POINT (-67.275381 45.188548)
Oroville,Washington,3019,US-Canada Border,Oct-23,Rail Containers Empty,0,49,-119.462,POINT (-119.461833 49.000083)
Portal,North Dakota,3403,US-Canada Border,Oct-23,Pedestrians,698,48.999,-102.552,POINT (-102.551944 48.998944)
Derby Line,Vermont,0209,US-Canada Border,Oct-23,Rail Containers Empty,0,45.006,-72.099,POINT (-72.099279 45.005739)
Van Buren,Maine,0108,US-Canada Border,Oct-23,Bus Passengers,26,47.16,-67.931,POINT (-67.930799 47.159645)
Neche,North Dakota,3404,US-Canada Border,Oct-23,Rail Containers Loaded,0,49.001,-97.557,POINT (-97.557333 49.000527)
Tecate,California,2505,US-Mexico Border,Oct-23,Truck Containers Empty,1713,32.576,-116.626,POINT (-116.626216 32.576428)
Metaline Falls,Washington,3025,US-Canada Border,Oct-23,Buses,11,49,-117.299,POINT (-117.299444 48.999972)
Noyes,Minnesota,3402,US-Canada Border,Oct-23,Rail Containers Loaded,0,49,-97.207,POINT (-97.206601 49.000171)
Laurier,Washington,3016,US-Canada Border,Oct-23,Truck Containers Loaded,0,49,-118.224,POINT (-118.223777 49.000083)
Del Rio,Texas,2302,US-Mexico Border,Oct-23,Rail Containers Loaded,0,29.327,-100.928,POINT (-100.927612 29.326784)
Bridgewater,Maine,0127,US-Canada Border,Oct-23,Trains,0,46.45,-67.785,POINT (-67.78484 46.450335)
Hannah,North Dakota,3408,US-Canada Border,Oct-23,Buses,0,49,-98.694,POINT (-98.693777 49.000138)
Champlain Rouses Point,New York,0712,US-Canada Border,Oct-23,Train Passengers,3828,45.009,-73.453,POINT (-73.4526634854 45.0088325953)
Douglas,Arizona,2601,US-Mexico Border,Oct-23,Trains,0,31.334,-109.56,POINT (-109.560344 31.334043)
Calexico,California,2503,US-Mexico Border,Oct-23,Personal Vehicles,571966,32.673,-115.388,POINT (-115.388018 32.673389)
Naco,Arizona,2603,US-Mexico Border,Oct-23,Truck Containers Loaded,372,31.334,-109.948,POINT (-109.948413 31.334084)
Alcan,Alaska,3104,US-Canada Border,Oct-23,Rail Containers Empty,0,62.615,-141.001,POINT (-141.001444 62.614961)
Beecher Falls,Vermont,0206,US-Canada Border,Oct-23,Buses,12,45.013,-71.505,POINT (-71.505309 45.013411)
Kenneth G Ward,Washington,3023,US-Canada Border,Oct-23,Personal Vehicles,69573,49.002,-122.485,POINT (-122.485027 49.002277)
Calexico East,California,2507,US-Mexico Border,Oct-23,Trains,22,32.673,-115.388,POINT (-115.388018 32.673389)
Morgan,Montana,3319,US-Canada Border,Oct-23,Personal Vehicles,241,49,-107.832,POINT (-107.831819 48.999829)
Fortuna,North Dakota,3417,US-Canada Border,Oct-23,Personal Vehicles,829,49,-103.809,POINT (-103.80925 48.999555)
Beecher Falls,Vermont,0206,US-Canada Border,Oct-23,Pedestrians,0,45.013,-71.505,POINT (-71.505309 45.013411)
Eastport,Idaho,3302,US-Canada Border,Oct-23,Train Passengers,105,49.001,-116.181,POINT (-116.181027 49.000555)
Alexandria Bay,New York,0708,US-Canada Border,Oct-23,Trucks,17301,44.347,-75.984,POINT (-75.983592 44.347229)
Pinecreek,Minnesota,3425,US-Canada Border,Oct-23,Rail Containers Loaded,0,49,-95.978,POINT (-95.977694 48.999916)
Derby Line,Vermont,0209,US-Canada Border,Oct-23,Trucks,8248,45.006,-72.099,POINT (-72.099279 45.005739)
Point Roberts,Washington,3017,US-Canada Border,Oct-23,Bus Passengers,1453,49.002,-123.068,POINT (-123.068055556 49.0020555547)
Point Roberts,Washington,3017,US-Canada Border,Oct-23,Rail Containers Loaded,0,49.002,-123.068,POINT (-123.068055556 49.0020555547)
Progreso,Texas,2309,US-Mexico Border,Oct-23,Personal Vehicle Passengers,228542,26.062,-97.95,POINT (-97.949958 26.062133)
Rio Grande City,Texas,2307,US-Mexico Border,Oct-23,Truck Containers Loaded,733,26.366,-98.803,POINT (-98.802513 26.365761)
Grand Portage,Minnesota,3613,US-Canada Border,Oct-23,Personal Vehicle Passengers,107086,48.001,-89.585,POINT (-89.58515 48.001427)
Hansboro,North Dakota,3415,US-Canada Border,Oct-23,Truck Containers Loaded,0,49,-99.347,POINT (-99.346527 48.999583)
Danville,Washington,3012,US-Canada Border,Oct-23,Rail Containers Loaded,0,49,-118.504,POINT (-118.503722 49.000083)
Port Huron,Michigan,3802,US-Canada Border,Oct-23,Truck Containers Empty,4131,42.999,-82.424,POINT (-82.423611 42.998611)
Presidio,Texas,2403,US-Mexico Border,Oct-23,Rail Containers Loaded,37,29.562,-104.395,POINT (-104.394907 29.561827)
Ferry,Washington,3013,US-Canada Border,Oct-23,Personal Vehicle Passengers,2456,49,-118.761,POINT (-118.761166 49.000083)
Vanceboro,Maine,0105,US-Canada Border,Oct-23,Truck Containers Empty,260,45.569,-67.429,POINT (-67.428541 45.568761)
Maida,North Dakota,3416,US-Canada Border,Oct-23,Train Passengers,0,49,-98.365,POINT (-98.36525 49.00025)
Detroit,Michigan,3801,US-Canada Border,Oct-23,Pedestrians,0,42.332,-83.048,POINT (-83.047924 42.331685)
Limestone,Maine,0118,US-Canada Border,Oct-23,Rail Containers Loaded,0,46.925,-67.79,POINT (-67.789597 46.924555)
Calexico,California,2503,US-Mexico Border,Oct-23,Rail Containers Loaded,86,32.673,-115.388,POINT (-115.388018 32.673389)
Beecher Falls,Vermont,0206,US-Canada Border,Oct-23,Bus Passengers,0,45.013,-71.505,POINT (-71.505309 45.013411)
Eagle Pass,Texas,2303,US-Mexico Border,Oct-23,Rail Containers Empty,2071,28.705,-100.512,POINT (-100.511977 28.705483)
Massena,New York,0704,US-Canada Border,Oct-23,Personal Vehicle Passengers,220132,44.991,-74.74,POINT (-74.739722 44.990556)
Santa Teresa,New Mexico,2408,US-Mexico Border,Oct-23,Train Passengers,0,31.784,-106.679,POINT (-106.679437 31.783939)
Portal,North Dakota,3403,US-Canada Border,Oct-23,Rail Containers Empty,0,48.999,-102.552,POINT (-102.551944 48.998944)
Raymond,Montana,3301,US-Canada Border,Oct-23,Rail Containers Loaded,0,48.999,-104.574,POINT (-104.574333 48.999194)
Douglas,Arizona,2601,US-Mexico Border,Oct-23,Truck Containers Empty,1283,31.334,-109.56,POINT (-109.560344 31.334043)
Sasabe,Arizona,2606,US-Mexico Border,Oct-23,Rail Containers Loaded,0,31.483,-111.544,POINT (-111.544363 31.483039)
Ferry,Washington,3013,US-Canada Border,Oct-23,Personal Vehicle Passengers,2367,49,-118.761,POINT (-118.761166 49.000083)
Metaline Falls,Washington,3025,US-Canada Border,Oct-23,Train Passengers,0,49,-117.299,POINT (-117.299444 48.999972)
Sarles,North Dakota,3409,US-Canada Border,Oct-23,Rail Containers Empty,0,49,-98.938,POINT (-98.938361 49.000027)
Pembina,North Dakota,3401,US-Canada Border,Oct-23,Rail Containers Empty,0,49,-97.237,POINT (-97.237036 49.000453)
Grand Portage,Minnesota,3613,US-Canada Border,Oct-23,Train Passengers,0,48.001,-89.585,POINT (-89.58515 48.001427)
Hidalgo,Texas,2305,US-Mexico Border,Oct-23,Buses,3355,26.095,-98.271,POINT (-98.271092 26.095032)
Brownsville,Texas,2301,US-Mexico Border,Oct-23,Trains,69,25.952,-97.401,POINT (-97.40067 25.95155)
Piegan,Montana,3316,US-Canada Border,Oct-23,Truck Containers Loaded,158,48.998,-113.379,POINT (-113.378777 48.998083)
Nogales,Arizona,2604,US-Mexico Border,Oct-23,Buses,29,31.333,-110.943,POINT (-110.942516 31.332839)
Alcan,Alaska,3104,US-Canada Border,Oct-23,Personal Vehicles,1962,62.615,-141.001,POINT (-141.001444 62.614961)
Laurier,Washington,3016,US-Canada Border,Oct-23,Rail Containers Empty,0,49,-118.224,POINT (-118.223777 49.000083)
Lukeville,Arizona,2602,US-Mexico Border,Oct-23,Rail Containers Empty,0,31.88,-112.817,POINT (-112.817077 31.880195)
Noonan,North Dakota,3420,US-Canada Border,Oct-23,Bus Passengers,33,48.999,-103.004,POINT (-103.004361 48.999333)
Santa Teresa,New Mexico,2408,US-Mexico Border,Oct-23,Trucks,2730,31.784,-106.679,POINT (-106.679437 31.783939)
Norton,Vermont,0211,US-Canada Border,Oct-23,Train Passengers,102,45.011,-71.793,POINT (-71.793219 45.010771)
Santa Teresa,New Mexico,2408,US-Mexico Border,Oct-23,Personal Vehicles,5449,31.784,-106.679,POINT (-106.679437 31.783939)
Westhope,North Dakota,3419,US-Canada Border,Oct-23,Trucks,284,49,-101.017,POINT (-101.017277 48.999611)
Naco,Arizona,2603,US-Mexico Border,Oct-23,Pedestrians,5831,31.334,-109.948,POINT (-109.948413 31.334084)
Danville,Washington,3012,US-Canada Border,Oct-23,Bus Passengers,23,49,-118.504,POINT (-118.503722 49.000083)
Jackman,Maine,0104,US-Canada Border,Oct-23,Buses,42,45.806,-70.397,POINT (-70.396722 45.805661)
Limestone,Maine,0118,US-Canada Border,Oct-23,Personal Vehicles,5167,46.925,-67.79,POINT (-67.789597 46.924555)
Port Huron,Michigan,3802,US-Canada Border,Oct-23,Buses,264,42.999,-82.424,POINT (-82.423611 42.998611)
Hidalgo,Texas,2305,US-Mexico Border,Oct-23,Truck Containers Empty,7604,26.095,-98.271,POINT (-98.271092 26.095032)
Sherwood,North Dakota,3414,US-Canada Border,Oct-23,Personal Vehicles,1665,48.999,-101.628,POINT (-101.627527 48.999305)
Brownsville,Texas,2301,US-Mexico Border,Oct-23,Rail Containers Loaded,1028,25.952,-97.401,POINT (-97.40067 25.95155)
Oroville,Washington,3019,US-Canada Border,Oct-23,Rail Containers Loaded,0,49,-119.462,POINT (-119.461833 49.000083)
Fort Kent,Maine,0110,US-Canada Border,Oct-23,Personal Vehicle Passengers,69776,47.249,-68.604,POINT (-68.603918 47.249206)
Douglas,Arizona,2601,US-Mexico Border,Oct-23,Trucks,3821,31.334,-109.56,POINT (-109.560344 31.334043)
Roseau,Minnesota,3426,US-Canada Border,Oct-23,Truck Containers Empty,3,49,-95.766,POINT (-95.766469 48.999538)
Danville,Washington,3012,US-Canada Border,Oct-23,Trucks,103,49,-118.504,POINT (-118.503722 49.000083)
Roseau,Minnesota,3426,US-Canada Border,Oct-23,Truck Containers Loaded,41,49,-95.766,POINT (-95.766469 48.999538)
Portland,Maine,0101,US-Canada Border,Oct-23,Personal Vehicles,0,43.659,-70.243,POINT (-70.243056 43.659444)
Tornillo,Texas,2404,US-Mexico Border,Oct-23,Trains,0,31.435,-106.143,POINT (-106.142669 31.435334)
Eastport,Idaho,3302,US-Canada Border,Oct-23,Buses,50,49.001,-116.181,POINT (-116.181027 49.000555)
Detroit,Michigan,3801,US-Canada Border,Oct-23,Rail Containers Empty,0,42.332,-83.048,POINT (-83.047924 42.331685)
Madawaska,Maine,0109,US-Canada Border,Oct-23,Truck Containers Empty,854,47.36,-68.329,POINT (-68.328684 47.360052)
Port Huron,Michigan,3802,US-Canada Border,Oct-23,Train Passengers,2296,42.999,-82.424,POINT (-82.423611 42.998611)
Walhalla,North Dakota,3407,US-Canada Border,Oct-23,Trains,0,49,-97.908,POINT (-97.908416 49.000472)
Massena,New York,0704,US-Canada Border,Oct-23,Trains,0,44.991,-74.74,POINT (-74.739722 44.990556)
Ferry,Washington,3013,US-Canada Border,Oct-23,Buses,1,49,-118.761,POINT (-118.761166 49.000083)
Whitetail,Montana,3312,US-Canada Border,Oct-23,Pedestrians,0,48.999,-105.162,POINT (-105.162324 48.999347)
Nogales,Arizona,2604,US-Mexico Border,Oct-23,Truck Containers Loaded,20368,31.333,-110.943,POINT (-110.942516 31.332839)
Fort Kent,Maine,0110,US-Canada Border,Oct-23,Pedestrians,803,47.249,-68.604,POINT (-68.603918 47.249206)
Lukeville,Arizona,2602,US-Mexico Border,Oct-23,Buses,24,31.88,-112.817,POINT (-112.817077 31.880195)
Columbus,New Mexico,2406,US-Mexico Border,Oct-23,Truck Containers Empty,61,31.784,-107.628,POINT (-107.627948 31.783742)
Douglas,Arizona,2601,US-Mexico Border,Oct-23,Trucks,2874,31.334,-109.56,POINT (-109.560344 31.334043)
Beecher Falls,Vermont,0206,US-Canada Border,Oct-23,Truck Containers Loaded,0,45.013,-71.505,POINT (-71.505309 45.013411)
Calais,Maine,0115,US-Canada Border,Oct-23,Truck Containers Loaded,8680,45.189,-67.275,POINT (-67.275381 45.188548)
Pembina,North Dakota,3401,US-Canada Border,Oct-23,Rail Containers Empty,0,49,-97.237,POINT (-97.237036 49.000453)
Houlton,Maine,0106,US-Canada Border,Oct-23,Bus Passengers,892,46.135,-67.781,POINT (-67.781288 46.134879)
Laredo,Texas,2304,US-Mexico Border,Oct-23,Trains,347,27.5,-99.507,POINT (-99.507412 27.499561)
Eagle Pass,Texas,2303,US-Mexico Border,Oct-23,Truck Containers Loaded,3523,28.705,-100.512,POINT (-100.511977 28.705483)
Sault Sainte Marie,Michigan,3803,US-Canada Border,Oct-23,Truck Containers Empty,622,46.509,-84.361,POINT (-84.360833 46.508611)
Massena,New York,0704,US-Canada Border,Oct-23,Trucks,3010,44.991,-74.74,POINT (-74.739722 44.990556)
Rio Grande City,Texas,2307,US-Mexico Border,Oct-23,Truck Containers Loaded,835,26.366,-98.803,POINT (-98.802513 26.365761)
Vanceboro,Maine,0105,US-Canada Border,Oct-23,Personal Vehicles,3162,45.569,-67.429,POINT (-67.428541 45.568761)
Calexico East,California,2507,US-Mexico Border,Oct-23,Train Passengers,154,32.673,-115.388,POINT (-115.388018 32.673389)
Boundary,Washington,3015,US-Canada Border,Oct-23,Rail Containers Empty,0,49.001,-117.628,POINT (-117.627583 49.00075)
Van Buren,Maine,0108,US-Canada Border,Oct-23,Bus Passengers,11,47.16,-67.931,POINT (-67.930799 47.159645)
Van Buren,Maine,0108,US-Canada Border,Oct-23,Rail Containers Empty,0,47.16,-67.931,POINT (-67.930799 47.159645)
Frontier,Washington,3020,US-Canada Border,Oct-23,Bus Passengers,356,49,-117.832,POINT (-117.831527 49.0005)
San Luis,Arizona,2608,US-Mexico Border,Oct-23,Trucks,3781,32.485,-114.782,POINT (-114.7822222 32.485)
Roma,Texas,2310,US-Mexico Border,Oct-23,Personal Vehicles,95522,26.404,-99.019,POINT (-99.018981 26.403928)
Columbus,New Mexico,2406,US-Mexico Border,Oct-23,Personal Vehicle Passengers,43042,31.784,-107.628,POINT (-107.627948 31.783742)
Del Rio,Texas,2302,US-Mexico Border,Oct-23,Trucks,3043,29.327,-100.928,POINT (-100.927612 29.326784)
Fort Kent,Maine,0110,US-Canada Border,Oct-23,Train Passengers,0,47.249,-68.604,POINT (-68.603918 47.249206)
Porthill,Idaho,3308,US-Canada Border,Oct-23,Truck Containers Loaded,0,49,-116.499,POINT (-116.49925 48.999861)
Walhalla,North Dakota,3407,US-Canada Border,Oct-23,Pedestrians,0,49,-97.908,POINT (-97.908416 49.000472)
Sherwood,North Dakota,3414,US-Canada Border,Oct-23,Personal Vehicle Passengers,3965,48.999,-101.628,POINT (-101.627527 48.999305)
Laurier,Washington,3016,US-Canada Border,Oct-23,Personal Vehicles,6802,49,-118.224,POINT (-118.223777 49.000083)
Presidio,Texas,2403,US-Mexico Border,Oct-23,Bus Passengers,330,29.562,-104.395,POINT (-104.394907 29.561827)
Noonan,North Dakota,3420,US-Canada Border,Oct-23,Pedestrians,0,48.999,-103.004,POINT (-103.004361 48.999333)
Maida,North Dakota,3416,US-Canada Border,Oct-23,Personal Vehicle Passengers,5260,49,-98.365,POINT (-98.36525 49.00025)
St John,North Dakota,3405,US-Canada Border,Oct-23,Personal Vehicles,1485,48.999,-99.659,POINT (-99.659111 48.999277)
Alcan,Alaska,3104,US-Canada Border,Oct-23,Trucks,428,62.615,-141.001,POINT (-141.001444 62.614961)
Trout River,New York,0715,US-Canada Border,Oct-23,Trucks,1266,44.992,-74.308,POINT (-74.308172 44.992058)
Sherwood,North Dakota,3414,US-Canada Border,Oct-23,Rail Containers Empty,0,48.999,-101.628,POINT (-101.627527 48.999305)
Frontier,Washington,3020,US-Canada Border,Oct-23,Buses,29,49,-117.832,POINT (-117.831527 49.0005)
Rio Grande City,Texas,2307,US-Mexico Border,Oct-23,Truck Containers Empty,237,26.366,-98.803,POINT (-98.802513 26.365761)
Buffalo Niagara Falls,New York,0901,US-Canada Border,Oct-23,Personal Vehicle Passengers,1251983,43.095,-79.056,POINT (-79.055847 43.09549)
Morgan,Montana,3319,US-Canada Border,Oct-23,Trains,0,49,-107.832,POINT (-107.831819 48.999829)
Bridgewater,Maine,0127,US-Canada Border,Oct-23,Truck Containers Loaded,0,46.45,-67.785,POINT (-67.78484 46.450335)
Dalton Cache,Alaska,3106,US-Canada Border,Oct-23,Rail Containers Loaded,0,59.451,-136.362,POINT (-136.361944 59.450556)
Warroad,Minnesota,3423,US-Canada Border,Oct-23,Train Passengers,378,48.999,-95.377,POINT (-95.376555 48.999)
International Falls,Minnesota,3604,US-Canada Border,Oct-23,Trains,302,48.608,-93.401,POINT (-93.401355 48.6078)
Roosville,Montana,3318,US-Canada Border,Oct-23,Train Passengers,0,49,-115.056,POINT (-115.056027 48.999638)
Piegan,Montana,3316,US-Canada Border,Oct-23,Bus Passengers,0,48.998,-113.379,POINT (-113.378777 48.998083)
Alexandria Bay,New York,0708,US-Canada Border,Oct-23,Train Passengers,0,44.347,-75.984,POINT (-75.983592 44.347229)
Tornillo,Texas,2404,US-Mexico Border,Oct-23,Bus Passengers,0,31.435,-106.143,POINT (-106.142669 31.435334)
Whitlash,Montana,3321,US-Canada Border,Oct-23,Trains,0,48.997,-111.258,POINT (-111.257916 48.99725)
Laurier,Washington,3016,US-Canada Border,Oct-23,Personal Vehicle Passengers,8143,49,-118.224,POINT (-118.223777 49.000083)
Scobey,Montana,3309,US-Canada Border,Oct-23,Personal Vehicles,1371,49,-105.408,POINT (-105.407638 48.999527)
Fort Fairfield,Maine,0107,US-Canada Border,Oct-23,Truck Containers Empty,0,46.765,-67.789,POINT (-67.789471 46.765323)
Piegan,Montana,3316,US-Canada Border,Oct-23,Personal Vehicles,6508,48.998,-113.379,POINT (-113.378777 48.998083)
Beecher Falls,Vermont,0206,US-Canada Border,Oct-23,Rail Containers Loaded,0,45.013,-71.505,POINT (-71.505309 45.013411)
Alexandria Bay,New York,0708,US-Canada Border,Oct-23,Trains,0,44.347,-75.984,POINT (-75.983592 44.347229)
Santa Teresa,New Mexico,2408,US-Mexico Border,Oct-23,Rail Containers Empty,0,31.784,-106.679,POINT (-106.679437 31.783939)
Lukeville,Arizona,2602,US-Mexico Border,Oct-23,Personal Vehicles,35708,31.88,-112.817,POINT (-112.817077 31.880195)
Fort Fairfield,Maine,0107,US-Canada Border,Oct-23,Rail Containers Loaded,0,46.765,-67.789,POINT (-67.789471 46.765323)
Pinecreek,Minnesota,3425,US-Canada Border,Oct-23,Pedestrians,0,49,-95.978,POINT (-95.977694 48.999916)
Point Roberts,Washington,3017,US-Canada Border,Oct-23,Pedestrians,1254,49.002,-123.068,POINT (-123.068055556 49.0020555547)
Walhalla,North Dakota,3407,US-Canada Border,Oct-23,Rail Containers Empty,0,49,-97.908,POINT (-97.908416 49.000472)
Portland,Maine,0101,US-Canada Border,Oct-23,Trucks,13,43.659,-70.243,POINT (-70.243056 43.659444)
Fortuna,North Dakota,3417,US-Canada Border,Oct-23,Rail Containers Loaded,0,49,-103.809,POINT (-103.80925 48.999555)
Oroville,Washington,3019,US-Canada Border,Oct-23,Trains,0,49,-119.462,POINT (-119.461833 49.000083)
Nighthawk,Washington,3011,US-Canada Border,Oct-23,Trains,0,49,-119.671,POINT (-119.67103 49.000144)
Del Bonita,Montana,3322,US-Canada Border,Oct-23,Trucks,115,48.999,-112.788,POINT (-112.78825 48.998555)
Massena,New York,0704,US-Canada Border,Oct-23,Truck Containers Empty,0,44.991,-74.74,POINT (-74.739722 44.990556)
Whitlash,Montana,3321,US-Canada Border,Oct-23,Buses,0,48.997,-111.258,POINT (-111.257916 48.99725)
Scobey,Montana,3309,US-Canada Border,Oct-23,Pedestrians,0,49,-105.408,POINT (-105.407638 48.999527)
Oroville,Washington,3019,US-Canada Border,Oct-23,Pedestrians,105,49,-119.462,POINT (-119.461833 49.000083)
Piegan,Montana,3316,US-Canada Border,Oct-23,Rail Containers Loaded,0,48.998,-113.379,POINT (-113.378777 48.998083)
Carbury,North Dakota,3421,US-Canada Border,Oct-23,Rail Containers Empty,0,48.999,-100.556,POINT (-100.555805 48.999416)
Sault Sainte Marie,Michigan,3803,US-Canada Border,Oct-23,Pedestrians,0,46.509,-84.361,POINT (-84.360833 46.508611)
Pembina,North Dakota,3401,US-Canada Border,Oct-23,Rail Containers Loaded,0,49,-97.237,POINT (-97.237036 49.000453)
Ogdensburg,New York,0701,US-Canada Border,Oct-23,Buses,56,44.733,-75.458,POINT (-75.4577501759 44.7330898624)
Beecher Falls,Vermont,0206,US-Canada Border,Oct-23,Truck Containers Empty,0,45.013,-71.505,POINT (-71.505309 45.013411)
Champlain Rouses Point,New York,0712,US-Canada Border,Oct-23,Buses,1578,45.009,-73.453,POINT (-73.4526634854 45.0088325953)
Alexandria Bay,New York,0708,US-Canada Border,Oct-23,Trucks,17767,44.347,-75.984,POINT (-75.983592 44.347229)
Turner,Montana,3306,US-Canada Border,Oct-23,Truck Containers Empty,1,49,-108.388,POINT (-108.387916 48.999527)
Antler,North Dakota,3413,US-Canada Border,Oct-23,Pedestrians,0,48.999,-101.296,POINT (-101.296055 48.999472)
Houlton,Maine,0106,US-Canada Border,Oct-23,Buses,37,46.135,-67.781,POINT (-67.781288 46.134879)
Ambrose,North Dakota,3410,US-Canada Border,Oct-23,Bus Passengers,0,48.999,-103.487,POINT (-103.486555 48.999305)
Hansboro,North Dakota,3415,US-Canada Border,Oct-23,Pedestrians,0,49,-99.347,POINT (-99.346527 48.999583)
Detroit,Michigan,3801,US-Canada Border,Oct-23,Trains,323,42.332,-83.048,POINT (-83.047924 42.331685)
Progreso,Texas,2309,US-Mexico Border,Oct-23,Rail Containers Empty,0,26.062,-97.95,POINT (-97.949958 26.062133)
Limestone,Maine,0118,US-Canada Border,Oct-23,Trains,0,46.925,-67.79,POINT (-67.789597 46.924555)
Portal,North Dakota,3403,US-Canada Border,Oct-23,Truck Containers Empty,0,48.999,-102.552,POINT (-102.551944 48.998944)
Westhope,North Dakota,3419,US-Canada Border,Oct-23,Truck Containers Loaded,0,49,-101.017,POINT (-101.017277 48.999611)
Port Huron,Michigan,3802,US-Canada Border,Oct-23,Buses,288,42.999,-82.424,POINT (-82.423611 42.998611)
Porthill,Idaho,3308,US-Canada Border,Oct-23,Trains,0,49,-116.499,POINT (-116.49925 48.999861)
Fortuna,North Dakota,3417,US-Canada Border,Oct-23,Personal Vehicle Passengers,2508,49,-103.809,POINT (-103.80925 48.999555)
Fortuna,North Dakota,3417,US-Canada Border,Oct-23,Rail Containers Loaded,0,49,-103.809,POINT (-103.80925 48.999555)
Sault Sainte Marie,Michigan,3803,US-Canada Border,Oct-23,Trucks,4736,46.509,-84.361,POINT (-84.360833 46.508611)
Limestone,Maine,0118,US-Canada Border,Oct-23,Personal Vehicle Passengers,28336,46.925,-67.79,POINT (-67.789597 46.924555)
Hansboro,North Dakota,3415,US-Canada Border,Oct-23,Truck Containers Empty,0,49,-99.347,POINT (-99.346527 48.999583)
Columbus,New Mexico,2406,US-Mexico Border,Oct-23,Rail Containers Loaded,0,31.784,-107.628,POINT (-107.627948 31.783742)
Grand Portage,Minnesota,3613,US-Canada Border,Oct-23,Buses,126,48.001,-89.585,POINT (-89.58515 48.001427)
Warroad,Minnesota,3423,US-Canada Border,Oct-23,Trains,250,48.999,-95.377,POINT (-95.376555 48.999)
Pinecreek,Minnesota,3425,US-Canada Border,Oct-23,Personal Vehicles,642,49,-95.978,POINT (-95.977694 48.999916)
Sumas,Washington,3009,US-Canada Border,Oct-23,Personal Vehicles,96218,49.002,-122.265,POINT (-122.264805 49.002388)
Alexandria Bay,New York,0708,US-Canada Border,Oct-23,Buses,48,44.347,-75.984,POINT (-75.983592 44.347229)
Sault Sainte Marie,Michigan,3803,US-Canada Border,Oct-23,Trucks,4556,46.509,-84.361,POINT (-84.360833 46.508611)
Douglas,Arizona,2601,US-Mexico Border,Oct-23,Rail Containers Loaded,0,31.334,-109.56,POINT (-109.560344 31.334043)
Westhope,North Dakota,3419,US-Canada Border,Oct-23,Rail Containers Empty,0,49,-101.017,POINT (-101.017277 48.999611)
Naco,Arizona,2603,US-Mexico Border,Oct-23,Rail Containers Loaded,0,31.334,-109.948,POINT (-109.948413 31.334084)
Laredo,Texas,2304,US-Mexico Border,Oct-23,Train Passengers,0,27.5,-99.507,POINT (-99.507412 27.499561)
Point Roberts,Washington,3017,US-Canada Border,Oct-23,Train Passengers,0,49.002,-123.068,POINT (-123.068055556 49.0020555547)
Calais,Maine,0115,US-Canada Border,Oct-23,Trains,19,45.189,-67.275,POINT (-67.275381 45.188548)
Fort Fairfield,Maine,0107,US-Canada Border,Oct-23,Pedestrians,1,46.765,-67.789,POINT (-67.789471 46.765323)
Columbus,New Mexico,2406,US-Mexico Border,Oct-23,Train Passengers,0,31.784,-107.628,POINT (-107.627948 31.783742)
Sumas,Washington,3009,US-Canada Border,Oct-23,Truck Containers Loaded,6343,49.002,-122.265,POINT (-122.264805 49.002388)
Hansboro,North Dakota,3415,US-Canada Border,Oct-23,Personal Vehicles,768,49,-99.347,POINT (-99.346527 48.999583)
Fort Kent,Maine,0110,US-Canada Border,Oct-23,Train Passengers,0,47.249,-68.604,POINT (-68.603918 47.249206)
Hannah,North Dakota,3408,US-Canada Border,Oct-23,Rail Containers Empty,0,49,-98.694,POINT (-98.693777 49.000138)
El Paso,Texas,2402,US-Mexico Border,Oct-23,Personal Vehicle Passengers,3025204,31.764,-106.451,POINT (-106.451188 31.764363)
Beecher Falls,Vermont,0206,US-Canada Border,Oct-23,Trains,0,45.013,-71.505,POINT (-71.505309 45.013411)
Richford,Vermont,0203,US-Canada Border,Oct-23,Personal Vehicle Passengers,28845,45.012,-72.589,POINT (-72.588559 45.01174)
Dalton Cache,Alaska,3106,US-Canada Border,Oct-23,Bus Passengers,273,59.451,-136.362,POINT (-136.361944 59.450556)
Eagle Pass,Texas,2303,US-Mexico Border,Oct-23,Rail Containers Empty,1730,28.705,-100.512,POINT (-100.511977 28.705483)
Progreso,Texas,2309,US-Mexico Border,Oct-23,Truck Containers Empty,1917,26.062,-97.95,POINT (-97.949958 26.062133)
Alexandria Bay,New York,0708,US-Canada Border,Oct-23,Trucks,20380,44.347,-75.984,POINT (-75.983592 44.347229)
Whitlash,Montana,3321,US-Canada Border,Oct-23,Bus Passengers,0,48.997,-111.258,POINT (-111.257916 48.99725)
Noonan,North Dakota,3420,US-Canada Border,Oct-23,Truck Containers Empty,0,48.999,-103.004,POINT (-103.004361 48.999333)
Sweetgrass,Montana,3310,US-Canada Border,Oct-23,Personal Vehicle Passengers,89893,48.998,-111.96,POINT (-111.959611 48.998388)
Sherwood,North Dakota,3414,US-Canada Border,Oct-23,Rail Containers Loaded,0,48.999,-101.628,POINT (-101.627527 48.999305)
Portland,Maine,0101,US-Canada Border,Oct-23,Pedestrians,2542,43.659,-70.243,POINT (-70.243056 43.659444)
Hidalgo,Texas,2305,US-Mexico Border,Oct-23,Bus Passengers,64209,26.095,-98.271,POINT (-98.271092 26.095032)
Lukeville,Arizona,2602,US-Mexico Border,Oct-23,Buses,29,31.88,-112.817,POINT (-112.817077 31.880195)
Brownsville,Texas,2301,US-Mexico Border,Oct-23,Personal Vehicles,501008,25.952,-97.401,POINT (-97.40067 25.95155)
Skagway,Alaska,3103,US-Canada Border,Oct-23,Buses,5,59.63,-135.164,POINT (-135.164444 59.629722)
Hansboro,North Dakota,3415,US-Canada Border,Oct-23,Bus Passengers,112,49,-99.347,POINT (-99.346527 48.999583)
Lukeville,Arizona,2602,US-Mexico Border,Oct-23,Truck Containers Loaded,17,31.88,-112.817,POINT (-112.817077 31.880195)
Alexandria Bay,New York,0708,US-Canada Border,Oct-23,Rail Containers Loaded,0,44.347,-75.984,POINT (-75.983592 44.347229)
Del Rio,Texas,2302,US-Mexico Border,Oct-23,Truck Containers Loaded,2121,29.327,-100.928,POINT (-100.927612 29.326784)
Westhope,North Dakota,3419,US-Canada Border,Oct-23,Pedestrians,0,49,-101.017,POINT (-101.017277 48.999611)
Eastport,Idaho,3302,US-Canada Border,Oct-23,Bus Passengers,1008,49.001,-116.181,POINT (-116.181027 49.000555)
Portland,Maine,0101,US-Canada Border,Oct-23,Truck Containers Loaded,2,43.659,-70.243,POINT (-70.243056 43.659444)
Maida,North Dakota,3416,US-Canada Border,Oct-23,Personal Vehicles,1617,49,-98.365,POINT (-98.36525 49.00025)
Danville,Washington,3012,US-Canada Border,Oct-23,Truck Containers Empty,0,49,-118.504,POINT (-118.503722 49.000083)
Pinecreek,Minnesota,3425,US-Canada Border,Oct-23,Bus Passengers,0,49,-95.978,POINT (-95.977694 48.999916)
Beecher Falls,Vermont,0206,US-Canada Border,Oct-23,Truck Containers Loaded,0,45.013,-71.505,POINT (-71.505309 45.013411)
Oroville,Washington,3019,US-Canada Border,Oct-23,Pedestrians,368,49,-119.462,POINT (-119.461833 49.000083)
Whitetail,Montana,3312,US-Canada Border,Oct-23,Truck Containers Loaded,0,48.999,-105.162,POINT (-105.162324 48.999347)
Sasabe,Arizona,2606,US-Mexico Border,Oct-23,Trucks,155,31.483,-111.544,POINT (-111.544363 31.483039)
Madawaska,Maine,0109,US-Canada Border,Oct-23,Truck Containers Empty,548,47.36,-68.329,POINT (-68.328684 47.360052)
Nogales,Arizona,2604,US-Mexico Border,Oct-23,Bus Passengers,1067,31.333,-110.943,POINT (-110.942516 31.332839)
Calais,Maine,0115,US-Canada Border,Oct-23,Personal Vehicles,104884,45.189,-67.275,POINT (-67.275381 45.188548)
Noyes,Minnesota,3402,US-Canada Border,Oct-23,Personal Vehicles,1647,49,-97.207,POINT (-97.206601 49.000171)
Richford,Vermont,0203,US-Canada Border,Oct-23,Personal Vehicles,10642,45.012,-72.589,POINT (-72.588559 45.01174)
Alexandria Bay,New York,0708,US-Canada Border,Oct-23,Buses,197,44.347,-75.984,POINT (-75.983592 44.347229)
Sault Sainte Marie,Michigan,3803,US-Canada Border,Oct-23,Pedestrians,0,46.509,-84.361,POINT (-84.360833 46.508611)
Point Roberts,Washington,3017,US-Canada Border,Oct-23,Trucks,569,49.002,-123.068,POINT (-123.068055556 49.0020555547)
Otay Mesa,California,2506,US-Mexico Border,Oct-23,Truck Containers Empty,23117,32.55,-116.939,POINT (-116.938538 32.55033)
Walhalla,North Dakota,3407,US-Canada Border,Oct-23,Bus Passengers,0,49,-97.908,POINT (-97.908416 49.000472)
Roma,Texas,2310,US-Mexico Border,Oct-23,Truck Containers Empty,422,26.404,-99.019,POINT (-99.018981 26.403928)
Skagway,Alaska,3103,US-Canada Border,Oct-23,Truck Containers Loaded,0,59.63,-135.164,POINT (-135.164444 59.629722)
Rio Grande City,Texas,2307,US-Mexico Border,Oct-23,Trains,0,26.366,-98.803,POINT (-98.802513 26.365761)
Calexico,California,2503,US-Mexico Border,Oct-23,Rail Containers Loaded,86,32.673,-115.388,POINT (-115.388018 32.673389)
Fort Kent,Maine,0110,US-Canada Border,Oct-23,Personal Vehicle Passengers,61626,47.249,-68.604,POINT (-68.603918 47.249206)
Trout River,New York,0715,US-Canada Border,Oct-23,Pedestrians,41,44.992,-74.308,POINT (-74.308172 44.992058)
Point Roberts,Washington,3017,US-Canada Border,Oct-23,Truck Containers Loaded,0,49.002,-123.068,POINT (-123.068055556 49.0020555547)
Van Buren,Maine,0108,US-Canada Border,Oct-23,Rail Containers Empty,0,47.16,-67.931,POINT (-67.930799 47.159645)
Walhalla,North Dakota,3407,US-Canada Border,Oct-23,Train Passengers,0,49,-97.908,POINT (-97.908416 49.000472)
Port Huron,Michigan,3802,US-Canada Border,Oct-23,Pedestrians,1382,42.999,-82.424,POINT (-82.423611 42.998611)
Van Buren,Maine,0108,US-Canada Border,Oct-23,Truck Containers Loaded,356,47.16,-67.931,POINT (-67.930799 47.159645)
Piegan,Montana,3316,US-Canada Border,Oct-23,Rail Containers Empty,0,48.998,-113.379,POINT (-113.378777 48.998083)
Sherwood,North Dakota,3414,US-Canada Border,Oct-23,Personal Vehicle Passengers,3173,48.999,-101.628,POINT (-101.627527 48.999305)
Champlain Rouses Point,New York,0712,US-Canada Border,Oct-23,Pedestrians,93,45.009,-73.453,POINT (-73.4526634854 45.0088325953)
Vanceboro,Maine,0105,US-Canada Border,Oct-23,Personal Vehicle Passengers,9846,45.569,-67.429,POINT (-67.428541 45.568761)
Sasabe,Arizona,2606,US-Mexico Border,Oct-23,Truck Containers Loaded,86,31.483,-111.544,POINT (-111.544363 31.483039)
Portland,Maine,0101,US-Canada Border,Oct-23,Rail Containers Empty,0,43.659,-70.243,POINT (-70.243056 43.659444)
Alexandria Bay,New York,0708,US-Canada Border,Oct-23,Trucks,16995,44.347,-75.984,POINT (-75.983592 44.347229)
Neche,North Dakota,3404,US-Canada Border,Oct-23,Trains,0,49.001,-97.557,POINT (-97.557333 49.000527)
Eagle Pass,Texas,2303,US-Mexico Border,Oct-23,Rail Containers Loaded,4135,28.705,-100.512,POINT (-100.511977 28.705483)
Roseau,Minnesota,3426,US-Canada Border,Oct-23,Personal Vehicles,4575,49,-95.766,POINT (-95.766469 48.999538)
Hidalgo,Texas,2305,US-Mexico Border,Oct-23,Truck Containers Loaded,13051,26.095,-98.271,POINT (-98.271092 26.095032)
Frontier,Washington,3020,US-Canada Border,Oct-23,Rail Containers Empty,0,49,-117.832,POINT (-117.831527 49.0005)
Skagway,Alaska,3103,US-Canada Border,Oct-23,Bus Passengers,16208,59.63,-135.164,POINT (-135.164444 59.629722)
Grand Portage,Minnesota,3613,US-Canada Border,Oct-23,Trucks,2874,48.001,-89.585,POINT (-89.58515 48.001427)
Roseau,Minnesota,3426,US-Canada Border,Oct-23,Rail Containers Empty,0,49,-95.766,POINT (-95.766469 48.999538)
Lukeville,Arizona,2602,US-Mexico Border,Oct-23,Personal Vehicles,21147,31.88,-112.817,POINT (-112.817077 31.880195)
Otay Mesa,California,2506,US-Mexico Border,Oct-23,Trains,18,32.55,-116.939,POINT (-116.938538 32.55033)
Dunseith,North Dakota,3422,US-Canada Border,Oct-23,Buses,12,48.999,-100.052,POINT (-100.052166 48.999277)
Ogdensburg,New York,0701,US-Canada Border,Oct-23,Rail Containers Loaded,0,44.733,-75.458,POINT (-75.4577501759 44.7330898624)
El Paso,Texas,2402,US-Mexico Border,Oct-23,Personal Vehicle Passengers,3761767,31.764,-106.451,POINT (-106.451188 31.764363)
Columbus,New Mexico,2406,US-Mexico Border,Oct-23,Rail Containers Empty,0,31.784,-107.628,POINT (-107.627948 31.783742)
Houlton,Maine,0106,US-Canada Border,Oct-23,Truck Containers Empty,309,46.135,-67.781,POINT (-67.781288 46.134879)
Vanceboro,Maine,0105,US-Canada Border,Oct-23,Pedestrians,23,45.569,-67.429,POINT (-67.428541 45.568761)
Noyes,Minnesota,3402,US-Canada Border,Oct-23,Train Passengers,345,49,-97.207,POINT (-97.206601 49.000171)
Dunseith,North Dakota,3422,US-Canada Border,Oct-23,Rail Containers Loaded,0,48.999,-100.052,POINT (-100.052166 48.999277)
Westhope,North Dakota,3419,US-Canada Border,Oct-23,Personal Vehicles,1034,49,-101.017,POINT (-101.017277 48.999611)
Tecate,California,2505,US-Mexico Border,Oct-23,Truck Containers Loaded,2540,32.576,-116.626,POINT (-116.626216 32.576428)
Massena,New York,0704,US-Canada Border,Oct-23,Pedestrians,39,44.991,-74.74,POINT (-74.739722 44.990556)
Limestone,Maine,0118,US-Canada Border,Oct-23,Buses,0,46.925,-67.79,POINT (-67.789597 46.924555)
Houlton,Maine,0106,US-Canada Border,Oct-23,Trains,0,46.135,-67.781,POINT (-67.781288 46.134879)
Turner,Montana,3306,US-Canada Border,Oct-23,Pedestrians,0,49,-108.388,POINT (-108.387916 48.999527)
Fortuna,North Dakota,3417,US-Canada Border,Oct-23,Pedestrians,0,49,-103.809,POINT (-103.80925 48.999555)
Carbury,North Dakota,3421,US-Canada Border,Oct-23,Rail Containers Empty,0,48.999,-100.556,POINT (-100.555805 48.999416)
Eastport,Idaho,3302,US-Canada Border,Oct-23,Truck Containers Empty,30,49.001,-116.181,POINT (-116.181027 49.000555)
Dunseith,North Dakota,3422,US-Canada Border,Oct-23,Pedestrians,0,48.999,-100.052,POINT (-100.052166 48.999277)
Noonan,North Dakota,3420,US-Canada Border,Oct-23,Truck Containers Loaded,0,48.999,-103.004,POINT (-103.004361 48.999333)
San Luis,Arizona,2608,US-Mexico Border,Oct-23,Trucks,3016,32.485,-114.782,POINT (-114.7822222 32.485)
Progreso,Texas,2309,US-Mexico Border,Oct-23,Personal Vehicle Passengers,208821,26.062,-97.95,POINT (-97.949958 26.062133)
Baudette,Minnesota,3424,US-Canada Border,Oct-23,Pedestrians,31,48.719,-94.59,POINT (-94.590467 48.719109)
Detroit,Michigan,3801,US-Canada Border,Oct-23,Rail Containers Loaded,0,42.332,-83.048,POINT (-83.047924 42.331685)
Ferry,Washington,3013,US-Canada Border,Oct-23,Pedestrians,33,49,-118.761,POINT (-118.761166 49.000083)
Danville,Washington,3012,US-Canada Border,Oct-23,Truck Containers Empty,0,49,-118.504,POINT (-118.503722 49.000083)
Eagle Pass,Texas,2303,US-Mexico Border,Oct-23,Personal Vehicle Passengers,571465,28.705,-100.512,POINT (-100.511977 28.705483)
Calais,Maine,0115,US-Canada Border,Oct-23,Train Passengers,0,45.189,-67.275,POINT (-67.275381 45.188548)
International Falls,Minnesota,3604,US-Canada Border,Oct-23,Personal Vehicles,49624,48.608,-93.401,POINT (-93.401355 48.6078)
Blaine,Washington,3004,US-Canada Border,Oct-23,Rail Containers Empty,2025,48.994,-122.749,POINT (-122.748884 48.994045)
Fort Fairfield,Maine,0107,US-Canada Border,Oct-23,Trucks,1694,46.765,-67.789,POINT (-67.789471 46.765323)
Sweetgrass,Montana,3310,US-Canada Border,Oct-23,Personal Vehicles,17875,48.998,-111.96,POINT (-111.959611 48.998388)
Northgate,North Dakota,3406,US-Canada Border,Oct-23,Truck Containers Loaded,0,48.999,-102.275,POINT (-102.27475 48.998833)
Massena,New York,0704,US-Canada Border,Oct-23,Personal Vehicles,91005,44.991,-74.74,POINT (-74.739722 44.990556)
Portland,Maine,0101,US-Canada Border,Oct-23,Trucks,29,43.659,-70.243,POINT (-70.243056 43.659444)
Noyes,Minnesota,3402,US-Canada Border,Oct-23,Trucks,407,49,-97.207,POINT (-97.206601 49.000171)
Pembina,North Dakota,3401,US-Canada Border,Oct-23,Pedestrians,15,49,-97.237,POINT (-97.237036 49.000453)
Piegan,Montana,3316,US-Canada Border,Oct-23,Train Passengers,0,48.998,-113.379,POINT (-113.378777 48.998083)
San Luis,Arizona,2608,US-Mexico Border,Oct-23,Train Passengers,0,32.485,-114.782,POINT (-114.7822222 32.485)
Alexandria Bay,New York,0708,US-Canada Border,Oct-23,Rail Containers Empty,0,44.347,-75.984,POINT (-75.983592 44.347229)
Turner,Montana,3306,US-Canada Border,Oct-23,Rail Containers Loaded,0,49,-108.388,POINT (-108.387916 48.999527)
St John,North Dakota,3405,US-Canada Border,Oct-23,Bus Passengers,0,48.999,-99.659,POINT (-99.659111 48.999277)
Blaine,Washington,3004,US-Canada Border,Oct-23,Train Passengers,3132,48.994,-122.749,POINT (-122.748884 48.994045)
Calexico,California,2503,US-Mexico Border,Oct-23,Rail Containers Empty,354,32.673,-115.388,POINT (-115.388018 32.673389)
Carbury,North Dakota,3421,US-Canada Border,Oct-23,Trains,0,48.999,-100.556,POINT (-100.555805 48.999416)
Eastport,Idaho,3302,US-Canada Border,Oct-23,Trains,42,49.001,-116.181,POINT (-116.181027 49.000555)
Danville,Washington,3012,US-Canada Border,Oct-23,Trucks,148,49,-118.504,POINT (-118.503722 49.000083)
Massena,New York,0704,US-Canada Border,Oct-23,Personal Vehicles,97430,44.991,-74.74,POINT (-74.739722 44.990556)
Boundary,Washington,3015,US-Canada Border,Oct-23,Buses,1,49.001,-117.628,POINT (-117.627583 49.00075)
Piegan,Montana,3316,US-Canada Border,Oct-23,Bus Passengers,80,48.998,-113.379,POINT (-113.378777 48.998083)
Nighthawk,Washington,3011,US-Canada Border,Oct-23,Trucks,9,49,-119.671,POINT (-119.67103 49.000144)
Skagway,Alaska,3103,US-Canada Border,Oct-23,Trucks,269,59.63,-135.164,POINT (-135.164444 59.629722)
Vanceboro,Maine,0105,US-Canada Border,Oct-23,Pedestrians,111,45.569,-67.429,POINT (-67.428541 45.568761)
Dalton Cache,Alaska,3106,US-Canada Border,Oct-23,Truck Containers Empty,0,59.451,-136.362,POINT (-136.361944 59.450556)
Houlton,Maine,0106,US-Canada Border,Oct-23,Trucks,7840,46.135,-67.781,POINT (-67.781288 46.134879)
Madawaska,Maine,0109,US-Canada Border,Oct-23,Personal Vehicles,69214,47.36,-68.329,POINT (-68.328684 47.360052)
Porthill,Idaho,3308,US-Canada Border,Oct-23,Trucks,406,49,-116.499,POINT (-116.49925 48.999861)
Highgate Springs,Vermont,0212,US-Canada Border,Oct-23,Trucks,7900,45.015,-73.085,POINT (-73.085037 45.015414)
Whitetail,Montana,3312,US-Canada Border,Oct-23,Truck Containers Empty,0,48.999,-105.162,POINT (-105.162324 48.999347)
Massena,New York,0704,US-Canada Border,Oct-23,Train Passengers,0,44.991,-74.74,POINT (-74.739722 44.990556)
Porthill,Idaho,3308,US-Canada Border,Oct-23,Truck Containers Loaded,0,49,-116.499,POINT (-116.49925 48.999861)
Westhope,North Dakota,3419,US-Canada Border,Oct-23,Rail Containers Empty,0,49,-101.017,POINT (-101.017277 48.999611)
Calexico,California,2503,US-Mexico Border,Oct-23,Rail Containers Loaded,10,32.673,-115.388,POINT (-115.388018 32.673389)
International Falls,Minnesota,3604,US-Canada Border,Oct-23,Personal Vehicles,33798,48.608,-93.401,POINT (-93.401355 48.6078)
Danville,Washington,3012,US-Canada Border,Oct-23,Truck Containers Empty,0,49,-118.504,POINT (-118.503722 49.000083)
Vanceboro,Maine,0105,US-Canada Border,Oct-23,Trucks,508,45.569,-67.429,POINT (-67.428541 45.568761)
Progreso,Texas,2309,US-Mexico Border,Oct-23,Trains,0,26.062,-97.95,POINT (-97.949958 26.062133)
Fort Kent,Maine,0110,US-Canada Border,Oct-23,Pedestrians,1177,47.249,-68.604,POINT (-68.603918 47.249206)
Roseau,Minnesota,3426,US-Canada Border,Oct-23,Trucks,517,49,-95.766,POINT (-95.766469 48.999538)
Sarles,North Dakota,3409,US-Canada Border,Oct-23,Truck Containers Empty,0,49,-98.938,POINT (-98.938361 49.000027)
Calexico East,California,2507,US-Mexico Border,Oct-23,Personal Vehicle Passengers,0,32.673,-115.388,POINT (-115.388018 32.673389)
Highgate Springs,Vermont,0212,US-Canada Border,Oct-23,Rail Containers Empty,166,45.015,-73.085,POINT (-73.085037 45.015414)
Westhope,North Dakota,3419,US-Canada Border,Oct-23,Pedestrians,0,49,-101.017,POINT (-101.017277 48.999611)
Frontier,Washington,3020,US-Canada Border,Oct-23,Truck Containers Loaded,0,49,-117.832,POINT (-117.831527 49.0005)
Antler,North Dakota,3413,US-Canada Border,Oct-23,Personal Vehicles,1098,48.999,-101.296,POINT (-101.296055 48.999472)
Warroad,Minnesota,3423,US-Canada Border,Oct-23,Trucks,1456,48.999,-95.377,POINT (-95.376555 48.999)
Neche,North Dakota,3404,US-Canada Border,Oct-23,Buses,0,49.001,-97.557,POINT (-97.557333 49.000527)
Pembina,North Dakota,3401,US-Canada Border,Oct-23,Trains,0,49,-97.237,POINT (-97.237036 49.000453)
Raymond,Montana,3301,US-Canada Border,Oct-23,Trucks,1195,48.999,-104.574,POINT (-104.574333 48.999194)
Alexandria Bay,New York,0708,US-Canada Border,Oct-23,Truck Containers Loaded,0,44.347,-75.984,POINT (-75.983592 44.347229)
Highgate Springs,Vermont,0212,US-Canada Border,Oct-23,Personal Vehicle Passengers,78805,45.015,-73.085,POINT (-73.085037 45.015414)
Progreso,Texas,2309,US-Mexico Border,Oct-23,Pedestrians,131322,26.062,-97.95,POINT (-97.949958 26.062133)
Roseau,Minnesota,3426,US-Canada Border,Oct-23,Personal Vehicles,4528,49,-95.766,POINT (-95.766469 48.999538)
Opheim,Montana,3317,US-Canada Border,Oct-23,Trains,0,49,-106.378,POINT (-106.377583 48.999527)
Progreso,Texas,2309,US-Mexico Border,Oct-23,Rail Containers Empty,0,26.062,-97.95,POINT (-97.949958 26.062133)
Warroad,Minnesota,3423,US-Canada Border,Oct-23,Personal Vehicles,5800,48.999,-95.377,POINT (-95.376555 48.999)
Naco,Arizona,2603,US-Mexico Border,Oct-23,Truck Containers Loaded,493,31.334,-109.948,POINT (-109.948413 31.334084)
International Falls,Minnesota,3604,US-Canada Border,Oct-23,Trucks,4041,48.608,-93.401,POINT (-93.401355 48.6078)
Hansboro,North Dakota,3415,US-Canada Border,Oct-23,Rail Containers Empty,0,49,-99.347,POINT (-99.346527 48.999583)
Vanceboro,Maine,0105,US-Canada Border,Oct-23,Bus Passengers,143,45.569,-67.429,POINT (-67.428541 45.568761)
Boundary,Washington,3015,US-Canada Border,Oct-23,Rail Containers Loaded,0,49.001,-117.628,POINT (-117.627583 49.00075)
Fortuna,North Dakota,3417,US-Canada Border,Oct-23,Rail Containers Loaded,0,49,-103.809,POINT (-103.80925 48.999555)
Alcan,Alaska,3104,US-Canada Border,Oct-23,Personal Vehicles,9065,62.615,-141.001,POINT (-141.001444 62.614961)
Eastport,Idaho,3302,US-Canada Border,Oct-23,Personal Vehicles,3703,49.001,-116.181,POINT (-116.181027 49.000555)
Otay Mesa,California,2506,US-Mexico Border,Oct-23,Trucks,44376,32.55,-116.939,POINT (-116.938538 32.55033)
Roseau,Minnesota,3426,US-Canada Border,Oct-23,Truck Containers Loaded,39,49,-95.766,POINT (-95.766469 48.999538)
Antler,North Dakota,3413,US-Canada Border,Oct-23,Personal Vehicle Passengers,2290,48.999,-101.296,POINT (-101.296055 48.999472)
Massena,New York,0704,US-Canada Border,Oct-23,Buses,284,44.991,-74.74,POINT (-74.739722 44.990556)
Buffalo Niagara Falls,New York,0901,US-Canada Border,Oct-23,Truck Containers Empty,0,43.095,-79.056,POINT (-79.055847 43.09549)
Skagway,Alaska,3103,US-Canada Border,Oct-23,Personal Vehicle Passengers,9367,59.63,-135.164,POINT (-135.164444 59.629722)
Boundary,Washington,3015,US-Canada Border,Oct-23,Trains,0,49.001,-117.628,POINT (-117.627583 49.00075)
St John,North Dakota,3405,US-Canada Border,Oct-23,Buses,1,48.999,-99.659,POINT (-99.659111 48.999277)
Warroad,Minnesota,3423,US-Canada Border,Oct-23,Trains,210,48.999,-95.377,POINT (-95.376555 48.999)
Antler,North Dakota,3413,US-Canada Border,Oct-23,Rail Containers Empty,0,48.999,-101.296,POINT (-101.296055 48.999472)
Sumas,Washington,3009,US-Canada Border,Oct-23,Truck Containers Loaded,5930,49.002,-122.265,POINT (-122.264805 49.002388)
Del Rio,Texas,2302,US-Mexico Border,Oct-23,Personal Vehicles,156651,29.327,-100.928,POINT (-100.927612 29.326784)
Detroit,Michigan,3801,US-Canada Border,Oct-23,Train Passengers,984,42.332,-83.048,POINT (-83.047924 42.331685)
Champlain Rouses Point,New York,0712,US-Canada Border,Oct-23,Personal Vehicles,162375,45.009,-73.453,POINT (-73.4526634854 45.0088325953)
Kenneth G Ward,Washington,3023,US-Canada Border,Oct-23,Buses,39,49.002,-122.485,POINT (-122.485027 49.002277)
Eastport,Idaho,3302,US-Canada Border,Oct-23,Bus Passengers,308,49.001,-116.181,POINT (-116.181027 49.000555)
Danville,Washington,3012,US-Canada Border,Oct-23,Rail Containers Loaded,0,49,-118.504,POINT (-118.503722 49.000083)
Hidalgo,Texas,2305,US-Mexico Border,Oct-23,Truck Containers Empty,5006,26.095,-98.271,POINT (-98.271092 26.095032)
Alcan,Alaska,3104,US-Canada Border,Oct-23,Rail Containers Loaded,0,62.615,-141.001,POINT (-141.001444 62.614961)
International Falls,Minnesota,3604,US-Canada Border,Oct-23,Rail Containers Empty,0,48.608,-93.401,POINT (-93.401355 48.6078)
Brownsville,Texas,2301,US-Mexico Border,Oct-23,Rail Containers Loaded,851,25.952,-97.401,POINT (-97.40067 25.95155)
Del Bonita,Montana,3322,US-Canada Border,Oct-23,Trains,0,48.999,-112.788,POINT (-112.78825 48.998555)
Maida,North Dakota,3416,US-Canada Border,Oct-23,Personal Vehicles,1965,49,-98.365,POINT (-98.36525 49.00025)
Danville,Washington,3012,US-Canada Border,Oct-23,Truck Containers Empty,0,49,-118.504,POINT (-118.503722 49.000083)
Andrade,California,2502,US-Mexico Border,Oct-23,Rail Containers Empty,0,32.718,-114.728,POINT (-114.72832 32.718143)
Sherwood,North Dakota,3414,US-Canada Border,Oct-23,Trucks,158,48.999,-101.628,POINT (-101.627527 48.999305)
Norton,Vermont,0211,US-Canada Border,Oct-23,Rail Containers Loaded,1278,45.011,-71.793,POINT (-71.793219 45.010771)
Houlton,Maine,0106,US-Canada Border,Oct-23,Pedestrians,2,46.135,-67.781,POINT (-67.781288 46.134879)
Piegan,Montana,3316,US-Canada Border,Oct-23,Personal Vehicle Passengers,69486,48.998,-113.379,POINT (-113.378777 48.998083)
Del Rio,Texas,2302,US-Mexico Border,Oct-23,Rail Containers Empty,0,29.327,-100.928,POINT (-100.927612 29.326784)
Pinecreek,Minnesota,3425,US-Canada Border,Oct-23,Buses,3,49,-95.978,POINT (-95.977694 48.999916)
Rio Grande City,Texas,2307,US-Mexico Border,Oct-23,Truck Containers Loaded,643,26.366,-98.803,POINT (-98.802513 26.365761)
Tecate,California,2505,US-Mexico Border,Oct-23,Rail Containers Loaded,0,32.576,-116.626,POINT (-116.626216 32.576428)
Ogdensburg,New York,0701,US-Canada Border,Oct-23,Rail Containers Empty,0,44.733,-75.458,POINT (-75.4577501759 44.7330898624)
Sweetgrass,Montana,3310,US-Canada Border,Oct-23,Personal Vehicles,25916,48.998,-111.96,POINT (-111.959611 48.998388)
Richford,Vermont,0203,US-Canada Border,Oct-23,Bus Passengers,480,45.012,-72.589,POINT (-72.588559 45.01174)
Del Bonita,Montana,3322,US-Canada Border,Oct-23,Rail Containers Loaded,0,48.999,-112.788,POINT (-112.78825 48.998555)
Boundary,Washington,3015,US-Canada Border,Oct-23,Trucks,7,49.001,-117.628,POINT (-117.627583 49.00075)
Progreso,Texas,2309,US-Mexico Border,Oct-23,Rail Containers Loaded,0,26.062,-97.95,POINT (-97.949958 26.062133)
Richford,Vermont,0203,US-Canada Border,Oct-23,Rail Containers Empty,0,45.012,-72.589,POINT (-72.588559 45.01174)
International Falls,Minnesota,3604,US-Canada Border,Oct-23,Truck Containers Loaded,0,48.608,-93.401,POINT (-93.401355 48.6078)
Santa Teresa,New Mexico,2408,US-Mexico Border,Oct-23,Trains,0,31.784,-106.679,POINT (-106.679437 31.783939)
Warroad,Minnesota,3423,US-Canada Border,Oct-23,Rail Containers Empty,0,48.999,-95.377,POINT (-95.376555 48.999)
Eastport,Idaho,3302,US-Canada Border,Oct-23,Rail Containers Loaded,1766,49.001,-116.181,POINT (-116.181027 49.000555)
Scobey,Montana,3309,US-Canada Border,Oct-23,Personal Vehicle Passengers,1181,49,-105.408,POINT (-105.407638 48.999527)
Skagway,Alaska,3103,US-Canada Border,Oct-23,Personal Vehicles,562,59.63,-135.164,POINT (-135.164444 59.629722)
Sumas,Washington,3009,US-Canada Border,Oct-23,Personal Vehicle Passengers,230916,49.002,-122.265,POINT (-122.264805 49.002388)
Tornillo,Texas,2404,US-Mexico Border,Oct-23,Trains,0,31.435,-106.143,POINT (-106.142669 31.435334)
Van Buren,Maine,0108,US-Canada Border,Oct-23,Rail Containers Empty,0,47.16,-67.931,POINT (-67.930799 47.159645)
Limestone,Maine,0118,US-Canada Border,Oct-23,Rail Containers Loaded,0,46.925,-67.79,POINT (-67.789597 46.924555)
Noyes,Minnesota,3402,US-Canada Border,Oct-23,Buses,18,49,-97.207,POINT (-97.206601 49.000171)
Naco,Arizona,2603,US-Mexico Border,Oct-23,Rail Containers Loaded,0,31.334,-109.948,POINT (-109.948413 31.334084)
Hansboro,North Dakota,3415,US-Canada Border,Oct-23,Personal Vehicle Passengers,3023,49,-99.347,POINT (-99.346527 48.999583)
Turner,Montana,3306,US-Canada Border,Oct-23,Trains,0,49,-108.388,POINT (-108.387916 48.999527)
Scobey,Montana,3309,US-Canada Border,Oct-23,Rail Containers Loaded,0,49,-105.408,POINT (-105.407638 48.999527)
Opheim,Montana,3317,US-Canada Border,Oct-23,Truck Containers Loaded,0,49,-106.378,POINT (-106.377583 48.999527)